{"sel_all_all":"false","id":1003,"order":250,"name":"Endere\u00e7os","table":"customers_address","categories":200,"type":2,"info":["create","edit","excluir","delete","pdf","excel","hide","items_page"],"active":0,"updated_at":"2025-03-23 19:08:42","table__":"CustomersAddress","input":{"0":{"type":"column","wr":"wr6","options":null,"check":"false","name":"created_at","label":"Data Cadastro","order":"11","align":"left"},"1":{"type":"text","wr":"wr6","options":null,"align":"left"},"2":{"type":"text","wr":"wr6","options":null,"name":"name","check":"true","label":"Nome","order":"10-L","align":"left"},"3":{"type":"tel","wr":"wr3","options":null,"name":"phone","check":"true","label":"Telefone \/ Whatsapp","order":"40","align":"left"},"4":{"type":"select","name":"main","check":"true","wr":"wr3","options":null,"extra":"|->>0: N\u00e3o; 1: Sim","label":"Principal","align":"left","order":"100"},"5":{"wr":"wr6","options":null,"name":"cpf","check":"false","type":"text","label":"CPF","tags":"mask=\"cpf\"","align":"left"},"6":{"type":"text","wr":"wr6","options":null,"name":"email","check":"false","label":"Email","align":"left"},"7":{"type":"zipcode","wr":"wr2","name":"zipcode","check":"true","options":null,"fieldset":"Endere\u00e7o","label":"Cep","tags":"change mask=\"zipcode\" required","align":"left","extra":"|->icon->search->zipcode"},"8":{"type":"address","wr":"wr6","name":"address","check":"true","options":null,"label":"Endere\u00e7o","tags":"required","align":"left","order":"50"},"9":{"type":"address_number","wr":"wr2","name":"number","check":"true","options":null,"label":"N\u00famero","tags":"required","align":"left"},"10":{"type":"address_complement","wr":"wr2","name":"complement","check":"true","options":null,"label":"Compl.","align":"left"},"11":{"type":"address_neighborhood","wr":"wr4","name":"neighborhood","check":"true","options":null,"label":"Bairro","tags":"required","align":"left"},"12":{"type":"uf","wr":"wr4","name":"uf","check":"true","options":null,"label":"Estados","tags":"required","align":"left","order":"60"},"13":{"type":"city","wr":"wr4","name":"city","check":"true","options":null,"label":"Cidades","tags":"required","align":"left","order":"70"},"14":{"type":"text","wr":"wr6","options":null,"align":"left"},"15":{"wr":"wr6","options":null,"align":"left"},"16":{"wr":"wr6","options":null,"align":"left"},"txt_meta":{"name":"description","type":"textarea","check":"false","wr":"wr12","label":"Descri\u00e7\u00e3o curta","align":"left"},"txt":{"name":"editor","type":"editor","check":"false","wr":"wr12","label":"Dresci\u00e7\u00e3o Completa","align":"left"}},"table__1":"customers_address","newIndexName":null,"newIndexType":"INDEX","newIndexColumns":"{}","newFkName":null,"newFkColumn":null,"newFkReferencedTable":null,"newFkReferencedColumn":"id","newFkOnDelete":"SET NULL","newFkOnUpdate":"CASCADE","save_button":null,"resources":[],"filter":"$query->where('customers', $request->user()->id);","created_at":"2025-09-09 00:09:50","save":"[ 'customers' => $request->user()->id ]","icon":null,"type_items":null,"orderby":null}