{"sel_all_all":"false","id":1004,"order":901,"name":"Material (Categorias)","table":"items_categories","categories":4000,"type":0,"info":["excluir","create","edit","delete","columns_active","pdf","excel","order"],"active":1,"updated_at":"2025-03-18 22:51:20","columns_active_n":"15","columns_order_n":"21","table__":"ItemsCategories","input":{"0":{"type":"text","name":"name","check":"true","wr":"wr12","options":null,"label":"Nome","tags":"required","order":"10","align":"left"},"1":{"type":"text","wr":"wr6","options":null,"align":"left"},"12":{"wr":"wr6","options":null,"align":"left"},"13":{"wr":"wr6","options":null,"align":"left"},"txt_meta":{"name":"description","type":"textarea","check":"false","wr":"wr12","label":"Descri\u00e7\u00e3o","align":"left"},"txt":{"name":"editor","type":"editor","check":"false","wr":"wr12","label":"Dresci\u00e7\u00e3o Completa","align":"left"}},"created_at":"2025-02-18 10:38:09","type_items":"materials","icon":"faa-gear","table__1":"items_categories","newIndexName":null,"newIndexType":"INDEX","newIndexColumns":"{}","newFkName":null,"newFkColumn":null,"newFkReferencedTable":null,"newFkReferencedColumn":"id","newFkOnDelete":"SET NULL","newFkOnUpdate":"CASCADE","save_button":"datatable","resources":[]}