{"sel_all_all":"false","id":1005,"order":680,"name":"N\u00edveis","table":"levels","categories":4000,"type":0,"info":["excluir","order","pdf","excel","edit"],"active":1,"updated_at":"2025-03-21 13:51:20","columns_active_n":"101","columns_order_n":"21","table__":"Levels","columns_z_image":"25","input":{"0":{"type":"column","wr":"wr6","align":"left","check":"true","name":"order","label":"N\u00edvel","order":"20"},"1":{"type":"text","wr":"wr6","align":"left"},"2":{"type":"text","name":"name","check":"true","wr":"wr6","options":null,"label":"Nome","tags":"required","order":"10","align":"left"},"3":{"type":"number","wr":"wr6","align":"left","check":"true","label":"Pontos para chegar neste n\u00edvel","name":"points","tags":"min=\"0\"","create_column":"int","order":"20"},"4":{"type":"number","wr":"wr6","align":"left","label":"Pontos por peal (pontos)","check":"true","name":"points_real","tags":"min=\"0\"","order":"30","create_column":"int"},"5":{"type":"price","wr":"wr6","align":"left","order":"40","check":"true","label":"Comiss\u00e3o (%)","name":"price_commission","tags":"mask=\"perc\"","create_column":"decimal","extra":"set->set[price_commission]%"},"6":{"type":"number","wr":"wr4","align":"left","check":"true","title":"Metas","label":"Meta Mensal","name":"points_meta_month","tags":"min=\"0\"","create_column":"int","order":"60"},"7":{"type":"number","wr":"wr4","align":"left","check":"true","label":"Para avan\u00e7ar (pontos)","name":"points_to_advance","tags":"min=\"0\"","create_column":"int","order":"61"},"8":{"type":"number","wr":"wr4","align":"left","check":"true","label":"Para avan\u00e7ar (meses)","name":"months_to_advance","create_column":"int","order":"62"},"9":{"type":"text","wr":"wr12","align":"left","check":"true","title":"Benef\u00edcio","name":"benefit","create_column":"text"},"10":{"type":"color","wr":"wr4","align":"left","title":"Cores","check":"true","label":"Cor (Texto)","name":"color","create_column":"varchar_50","order":"70"},"11":{"type":"color","wr":"wr4","align":"left","check":"true","label":"Cor (Fundo)","name":"background","create_column":"varchar_50","order":"71"},"12":{"type":"info","wr":"wr12","align":"left","title":"Email enviado quando o usu\u00e1rio mudar para este n\u00edvel","check":"true","name":"legends","tags":"<div class=\"pt10\"> Logo do Site: {logo}<br> Nome do Site: {nome_do_site} <br> Dom\u00ednio: {dominio} <br> Nome do Cliente: {nome} <\/div>"},"13":{"type":"text","wr":"wr12","align":"left","check":"true","label":"Assunto","name":"subject"},"14":{"type":"editor","wr":"wr12","align":"left","check":"true","label":"Mensagem","name":"editor"},"15":{"type":"text","wr":"wr6","align":"left"},"txt_meta":{"name":"description","type":"textarea","check":"false","wr":"wr12","label":"Descri\u00e7\u00e3o curta","align":"left"},"txt":{"name":"editor","type":"editor","check":"false","wr":"wr12","label":"Dresci\u00e7\u00e3o Completa","align":"left"}},"created_at":"2025-02-22 10:48:14","orderby":"order ASC","table__1":"levels","newIndexName":null,"newIndexType":"INDEX","newIndexColumns":"{}","newFkName":null,"newFkColumn":null,"newFkReferencedTable":null,"newFkReferencedColumn":"id","newFkOnDelete":"SET NULL","newFkOnUpdate":"CASCADE","save_button":"force_create_model_again","resources":[],"icon":null}