{"sel_all_all":"false","id":1006,"order":600,"name":"Campanhas","table":"campaigns","categories":600,"type":0,"info":["excluir","create","edit","order","pdf","excel","delete","columns_active","items_page","search_top_on","search_top_date"],"active":1,"updated_at":"2025-02-18 18:19:39","columns_active_n":"15","columns_order_n":"101","table__":"Campaigns","columns_z_image":"25","input":{"0":{"type":"column","wr":"wr6","align":"left","check":"true","extra":"|->items","label":"V\u00eddeos Enviados","name":"campaigns_videos","options":"1010","order":"5"},"1":{"type":"file","wr":"wr6","align":"right","check":"true","label":"Foto","name":"image","order":"1"},"2":{"type":"file","wr":"wr6","align":"right","check":"true","label":"Foto Mobile","name":"image_mobile","create_column":"json"},"3":{"type":"select","wr":"wr12","align":"right","check":"true","label":"Produto","name":"products","options":"41","order":"20","create_column":"int"},"4":{"type":"file","wr":"wr12","align":"right","check":"true","label":"Foto Produto","name":"image_products","create_column":"json"},"5":{"type":"text","wr":"wr6","align":"left"},"6":{"type":"text","name":"name","check":"true","wr":"wr8","options":null,"label":"Nome","tags":"required","order":"2","align":"left"},"7":{"type":"select","wr":"wr4","align":"left","label":"Marcas","check":"true","order":"6","tags":"required","name":"brands","create_column":"bigint","options":"44"},"8":{"type":"price","wr":"wr4","align":"left","label":"Recompensa","check":"true","name":"price","tags":"mask=\"price\"","order":"7","create_column":"decimal"},"9":{"type":"number","wr":"wr4","align":"left","check":"true","label":"Pontos","name":"points","tags":"min=\"0\"","create_column":"int","order":"8"},"10":{"type":"date","wr":"wr4","align":"left","label":"Data de Encerramento","check":"true","order":"9","name":"data_final","create_column":"date"},"11":{"type":"checkbox","wr":"wr12","align":"left","label":"M\u00eddias","check":"true","options":"1007","order":"12","name":"medias","create_column":"json","tags":"required"},"12":{"type":"textarea","wr":"wr12","align":"left","label":"Descri\u00e7\u00e3o Curta","check":"true","name":"description"},"13":{"type":"editor","wr":"wr12","align":"left","check":"true","name":"editor","label":"Descri\u00e7\u00e3o pagina interna"},"14":{"type":"text","wr":"wr6","align":"left"},"txt_meta":{"name":"description","type":"textarea","check":"false","wr":"wr12","label":"Descri\u00e7\u00e3o curta","align":"left"},"txt":{"name":"editor","type":"editor","check":"false","wr":"wr12","label":"Dresci\u00e7\u00e3o Completa","align":"left"}},"created_at":"2025-02-20 23:53:56","table__1":"campaigns","newIndexName":null,"newIndexType":"INDEX","newIndexColumns":"{}","newFkName":null,"newFkColumn":null,"newFkReferencedTable":null,"newFkReferencedColumn":"id","newFkOnDelete":"SET NULL","newFkOnUpdate":"CASCADE","save_button":null,"resources":[],"13-Type":"bigint unsigned","13-originalField":"products","9-Type":"bigint unsigned","9-originalField":"brands","search_columns_date":"created_at","search_date_field":{"created_at":"Data de Cria\u00e7\u00e3o"},"search_columns_date_current":"created_at","icon":"dollar_global","type_items":null,"filter":null,"orderby":null}