{"sel_all_all":"false","id":1007,"order":620,"name":"Campanhas (M\u00eddias)","table":"campaigns_medias","categories":4000,"type":0,"info":["excluir","create","edit","order","pdf","excel","delete","items_page"],"active":1,"updated_at":"2025-03-19 04:51:20","columns_active_n":"101","columns_order_n":"21","table__":"CampaignsMedias","columns_z_image":"25","input":{"0":{"type":"text","name":"name","check":"true","wr":"wr12","options":null,"label":"Nome","tags":"required","order":"5","align":"left"},"1":{"type":"text","wr":"wr6","align":"left"},"txt_meta":{"name":"description","type":"textarea","check":"false","wr":"wr12","label":"Descri\u00e7\u00e3o curta","align":"left"},"txt":{"name":"editor","type":"editor","check":"false","wr":"wr12","label":"Dresci\u00e7\u00e3o Completa","align":"left"}},"created_at":"2025-02-18 23:57:59","icon":"faa-gear","table__1":"campaigns_medias","newIndexName":null,"newIndexType":"INDEX","newIndexColumns":"{}","newFkName":null,"newFkColumn":null,"newFkReferencedTable":null,"newFkReferencedColumn":"id","newFkOnDelete":"SET NULL","newFkOnUpdate":"CASCADE","save_button":"datatable","resources":[]}