{"sel_all_all":"false","id":1008,"order":605,"name":"Campanhas (Cadastro)","table":"campaigns_customers","categories":600,"type":0,"info":["excluir","create","edit","order","pdf","excel","delete"],"active":0,"updated_at":"2025-03-18T22:51:20.000000Z","columns_active_n":"15","columns_order_n":"21","table__":"CampaignsCustomers","columns_z_image":"25","input":{"0":{"type":"select","name":"campaigns","check":"true","wr":"wr6","options":"1006","label":"Campanhas","tags":"required","order":"5","align":"left","create_column":"bigint"},"1":{"type":"select","wr":"wr6","align":"left","check":"true","label":"Cadastro","name":"customers","options":"31","order":"10","tags":"required","create_column":"bigint"},"2":{"type":"text","wr":"wr6","align":"left"},"txt_meta":{"name":"description","type":"textarea","check":"false","wr":"wr12","label":"Descri\u00e7\u00e3o curta","align":"left"},"txt":{"name":"editor","type":"editor","check":"false","wr":"wr12","label":"Dresci\u00e7\u00e3o Completa","align":"left"}},"created_at":"2025-02-18T14:59:00.000000Z","icon":null}