{"sel_all_all":"false","id":1009,"order":202,"name":"Clientes","table":"customers","categories":200,"type":0,"info":["excluir","delete","columns_active","pdf","excel","edit","items_page"],"active":1,"updated_at":"2025-03-21 07:51:20","columns_active_n":"11","table__":"Customers","type_items":"customers","input":{"0":{"type":"column","wr":"wr6","check":"true","name":"created_at","options":null,"label":"Data Cadastro","align":"left","order":"15"},"1":{"type":"column","wr":"wr6","options":"32","check":"true","name":"customers_address","extra":"|->items","label":"Endere\u00e7os","align":"left","order":"8"},"2":{"type":"column","wr":"wr6","options":"61","align":"left","label":"Pedidos","name":"orders","check":"true","order":"5","extra":"|->items"},"3":{"type":"column","wr":"wr6","align":"left","check":"true","label":"Saldo","name":"price","tags":"mask=\"price\"","order":"52","extra":"|->price"},"4":{"type":"column","wr":"wr6","align":"left","check":"true","name":"no_subscription","label":"Assinatura","order":"55","options":"1011","extra":"|->options_columns->status, customers, expires_at |->options_whereIn->customers->id"},"5":{"type":"column","wr":"wr6","align":"left","label":"On-line","name":"online__","check":"true","order":"60","extra":"|->no_search |->no_save"},"6":{"type":"column","wr":"wr6","align":"left","label":"\u00daltimo Acesso","name":"last_acess","check":"true","order":"61"},"7":{"type":"text","wr":"wr6","align":"left","check":"false"},"8":{"type":"select","wr":"wr12","align":"right","check":"true","label":"Liberar Assinatura","name":"no_subscription","extra":"|->>0: N\u00e3o; 1: Sim","tags":"no_sel"},"9":{"type":"number","wr":"wr12","align":"right","check":"true","label":"Pontos","name":"points","tags":"min=\"0\"","order":"51","extra":null},"10":{"type":"file","wr":"wr12","align":"right","label":"Foto","name":"image","check":"true","order":"1"},"11":{"type":"text","wr":"wr6","align":"left"},"12":{"type":"text","name":"name","check":"true","wr":"wr6","options":null,"label":"Nome","tags":"class=\"pf\" fullname required","align":"left","order":"2"},"13":{"type":"text","wr":"wr6","align":"left","label":"CPF","name":"cpf","tags":"class=\"pf\" mask=\"cpf\" validate_cpf validate_exist required","check":"true"},"14":{"type":"select","wr":"wr6","align":"left","label":"Sexo","name":"sexo","check":"true","extra":"|->>1: Masculino; 2: Feminino; 3: Outro","tags":"class=\"pf\""},"15":{"type":"date","wr":"wr6","align":"left","label":"Data de nascimento","name":"birth","tags":"class=\"pf\" required","check":"true"},"16":{"type":"text","wr":"wr12","align":"left","label":"Raz\u00e3o Social","name":"name","tags":"class=\"pj\" required","check":"false"},"17":{"type":"text","wr":"wr6","align":"left","label":"CNPJ","name":"cnpj","tags":"class=\"pj\" mask=\"cnpj\" validate_cnpj validate_exist required","check":"false"},"18":{"type":"text","wr":"wr6","align":"left","label":"Inscri\u00e7\u00e3o Estadual","name":"ie","check":"false"},"19":{"type":"tel","wr":"wr6","name":"phone","check":"true","options":null,"label":"Telefone \/ Whatsapp","tags":"class=\"pf\" required","align":"left","order":"42"},"20":{"type":"email","wr":"wr6","name":"email","check":"true","options":null,"label":"Email","tags":"validate_exist required","align":"left","order":"41"},"21":{"type":"password","wr":"wr12","name":"password","check":"true","options":null,"label":"Senha","tags":"maxlength=\"8\" required validate_password","align":"left"},"22":{"type":"text","wr":"wr6","align":"left","label":"Link de Desconto","name":"url","check":"true"},"23":{"type":"text","wr":"wr6","align":"left","label":"Cupom","name":"cupom","check":"true"},"24":{"type":"text","wr":"wr6","align":"left"},"txt_meta":{"name":"description","type":"textarea","check":"false","wr":"wr12","label":"Descri\u00e7\u00e3o curta","align":"left"},"txt":{"name":"editor","type":"editor","check":"false","wr":"wr12","label":"Dresci\u00e7\u00e3o Completa","align":"left"}},"created_at":"2025-02-22 12:00:50","columns_order_n":"21","table__1":"customers","newIndexName":null,"newIndexType":"INDEX","newIndexColumns":"{}","newFkName":null,"newFkColumn":null,"newFkReferencedTable":null,"newFkReferencedColumn":"id","newFkOnDelete":"SET NULL","newFkOnUpdate":"CASCADE","save_button":null,"resources":{"fields_datatable":[{"columns":"no_subscription","function":"customers__no_subscription"}],"save":[{"type":"{\"0\":\"update_pre\"}","function":"customers__points"}]},"icon":"users","orderby":"created_at DESC,","filter":null}