{"sel_all_all":"false","id":1010,"order":610,"name":"Campanhas (V\u00eddeos Enviados)","table":"campaigns_videos","categories":600,"type":0,"info":["excluir","edit","order","excel","pdf","hide","items_page"],"active":1,"updated_at":"2025-03-23 19:09:05","columns_active_n":"15","columns_order_n":"21","table__":"CampaignsVideos","columns_z_image":"25","input":{"0":{"type":"column","wr":"wr6","align":"left","check":"true","label":"Campanhas","name":"campaigns","options":"1006","order":"20"},"1":{"type":"text","wr":"wr6","align":"left"},"2":{"type":"file","wr":"wr12","align":"right","label":"V\u00eddeo","name":"image_file","check":"true"},"3":{"type":"text","wr":"wr6","align":"left"},"4":{"type":"column","wr":"wr6","align":"left","label":"Data","name":"created_at","order":"1-L","check":"true"},"5":{"type":"column","wr":"wr6","align":"left","check":"true","label":"Cadastro","name":"customers","options":"31","order":"10","create_column":"bigint"},"6":{"type":"column","wr":"wr6","align":"left","name":"campaigns_medias","label":"M\u00eddeas","options":"1007","check":"true","order":"30","create_column":"bigint"},"7":{"type":"column","wr":"wr6","align":"left","label":"Link","name":"link","order":"40","check":"true","create_column":"text"},"8":{"type":"select","name":"status","check":"true","wr":"wr6","options":null,"label":"Status","tags":"required","order":"50","align":"left","create_column":"int","extra":"|->>1: Aguardando Aprova\u00e7\u00e3o; 2: Precisa de Ajustes; 4: Aprovado; 5: Reprovado"},"9":{"type":"textarea","wr":"wr12","align":"left","name":"status_text","label":"Descri\u00e7\u00e3o","check":"true"},"10":{"type":"text","wr":"wr6","align":"left"},"txt_meta":{"name":"description","type":"textarea","check":"false","wr":"wr12","label":"Descri\u00e7\u00e3o","align":"left"},"txt":{"name":"editor","type":"editor","check":"false","wr":"wr12","label":"Dresci\u00e7\u00e3o Completa","align":"left"}},"created_at":"2025-02-22 09:19:33","orderby":"created_at DESC,","table__1":"campaigns_videos","newIndexName":null,"newIndexType":"INDEX","newIndexColumns":"{}","newFkName":null,"newFkColumn":null,"newFkReferencedTable":null,"newFkReferencedColumn":"id","newFkOnDelete":"SET NULL","newFkOnUpdate":"CASCADE","save_button":null,"resources":{"save":[{"type":"{\"0\":\"update_pre\",\"1\":\"update_pos\"}","function":"campaigns_videos__status"}],"html_create_edit":[{"type":"footer","function":"campaigns_videos__footer","vue":"campaigns_videos"}]},"filter":"$query->join(DB::raw('(SELECT MAX(id) AS max_id FROM campaigns_videos GROUP BY campaigns_videos) as latest'), function($join) {\r\n    $join->on('campaigns_videos.id', '=', 'latest.max_id');\r\n});","icon":null,"type_items":null}