{"sel_all_all":"false","id":1011,"order":203,"name":"Clientes (Assinaturas)","table":"customers_subscription","categories":200,"type":0,"info":["excluir","delete","pdf","excel","create","edit","items_page"],"active":0,"updated_at":"2025-03-20 07:53:30","columns_active_n":"11","table__":"CustomersSubscription","input":{"0":{"type":"column","wr":"wr6","check":"true","name":"created_at","options":null,"label":"Data Cadastro","align":"left","order":"15"},"1":{"type":"column","wr":"wr6","align":"left","check":"true","label":"Status","name":"status","order":"20","extra":null,"options":"62"},"2":{"type":"text","wr":"wr6","align":"left"},"txt_meta":{"name":"description","type":"textarea","check":"false","wr":"wr12","label":"Descri\u00e7\u00e3o curta","align":"left"},"txt":{"name":"editor","type":"editor","check":"false","wr":"wr12","label":"Dresci\u00e7\u00e3o Completa","align":"left"}},"created_at":"2025-03-20 22:43:58","orderby":"created_at DESC,","columns_order_n":"21","table__1":"customers_subscription","newIndexName":null,"newIndexType":"INDEX","newIndexColumns":"{}","newFkName":null,"newFkColumn":null,"newFkReferencedTable":null,"newFkReferencedColumn":"id","newFkOnDelete":"SET NULL","newFkOnUpdate":"CASCADE","save_button":null,"resources":[],"icon":null,"type_items":null,"filter":null}