{"sel_all_all":"false","id":1012,"order":204,"name":"Clientes XX","table":"customers","categories":200,"type":0,"info":["excluir","delete","columns_active","pdf","excel","edit"],"active":0,"updated_at":"2025-03-19 16:51:20","columns_active_n":"11","table__":"Customers","type_items":"customers","input":{"0":{"type":"column","wr":"wr6","check":"true","name":"created_at","options":null,"label":"Data Cadastro","align":"left","order":"15"},"1":{"type":"column","wr":"wr6","options":"1002","check":"false","name":"customers_address","extra":"|->items","label":"Endere\u00e7os","align":"left","order":"8"},"2":{"type":"column","wr":"wr6","options":"61","align":"left","label":"Pedidos","name":"orders","check":"false","order":"5"},"3":{"type":"column","wr":"wr6","align":"left","label":"On-line","name":"online__","check":"false","order":"60","extra":"|->no_search |->no_save"},"4":{"type":"column","wr":"wr6","align":"left","label":"\u00daltimo Acesso","name":"last_acess","check":"false","order":"61"},"5":{"type":"text","wr":"wr6","align":"left"},"6":{"type":"file","wr":"wr12","align":"right","label":"Foto","name":"image","check":"true","order":"1"},"7":{"type":"text","wr":"wr6","align":"left"},"8":{"type":"text","name":"name","check":"true","wr":"wr6","options":null,"label":"Nome","tags":"class=\"pf\" fullname required","align":"left","order":"2"},"9":{"type":"text","wr":"wr6","align":"left","label":"CPF","name":"cpf","tags":"class=\"pf\" mask=\"cpf\" validate_cpf validate_exist required","check":"true"},"10":{"type":"select","wr":"wr6","align":"left","label":"Sexo","name":"sexo","check":"true","extra":"|->>1: Masculino; 2: Feminino; 3: Outro","tags":"class=\"pf\""},"11":{"type":"date","wr":"wr6","align":"left","label":"Data de nascimento","name":"birth","tags":"class=\"pf\" required","check":"true"},"12":{"type":"text","wr":"wr12","align":"left","label":"Raz\u00e3o Social","name":"name","tags":"class=\"pj\" required","check":"false"},"13":{"type":"text","wr":"wr6","align":"left","label":"CNPJ","name":"cnpj","tags":"class=\"pj\" mask=\"cnpj\" validate_cnpj validate_exist required","check":"false"},"14":{"type":"text","wr":"wr6","align":"left","label":"Inscri\u00e7\u00e3o Estadual","name":"ie","check":"false"},"15":{"type":"tel","wr":"wr6","name":"phone","check":"true","options":null,"label":"Telefone \/ Whatsapp","tags":"class=\"pf\" required","align":"left","order":"42"},"16":{"type":"email","wr":"wr6","name":"email","check":"true","options":null,"label":"Email","tags":"validate_exist required","align":"left","order":"41"},"17":{"type":"password","wr":"wr12","name":"password","check":"true","options":null,"label":"Senha","tags":"maxlength=\"8\" required validate_password","align":"left"},"18":{"type":"text","wr":"wr6","align":"left","label":"Link de Desconto","name":"url","check":"false"},"19":{"type":"text","wr":"wr6","align":"left","label":"Cupom","name":"cupom","check":"false"},"20":{"type":"text","wr":"wr6","align":"left"},"txt_meta":{"name":"description","type":"textarea","check":"false","wr":"wr12","label":"Descri\u00e7\u00e3o curta","align":"left"},"txt":{"name":"editor","type":"editor","check":"false","wr":"wr12","label":"Dresci\u00e7\u00e3o Completa","align":"left"}},"created_at":"2025-03-19 22:47:38","filter":"$query->where('active', 0)->where('approved', 2);","table__1":"customers","newIndexName":null,"newIndexType":"INDEX","newIndexColumns":"{}","newFkName":null,"newFkColumn":null,"newFkReferencedTable":null,"newFkReferencedColumn":"id","newFkOnDelete":"SET NULL","newFkOnUpdate":"CASCADE","save_button":"datatable","resources":[],"icon":null,"orderby":null}