{"sel_all_all":"false","id":1013,"order":700,"name":"Cursos","table":"courses","categories":700,"type":0,"info":["excluir","order","delete","edit","create","columns_active","pdf","excel","columns_order"],"active":1,"updated_at":"2025-07-31 01:26:23","columns_order_n":"11","table__":"Courses","input":{"0":{"type":"file","wr":"wr12","align":"right","check":"true","label":"Foto","name":"image","order":"1"},"1":{"type":"text","wr":"wr6","align":"left"},"2":{"type":"text","wr":"wr6","align":"left","label":"Nome","name":"name","check":"true","tags":"required","order":"2"},"3":{"type":"categories","wr":"wr6","align":"left","label":"Categorias","name":"categories","check":"true","tags":"required","options":"1014","order":"5"},"4":{"type":"text","wr":"wr6","align":"left","label":"V\u00eddeo (Youtube)","name":"video","options":null,"check":"true","tags":"required"},"5":{"type":"text","wr":"wr6","align":"left"},"txt_meta":{"name":"description","type":"textarea","check":"true","wr":"wr12","label":"Descri\u00e7\u00e3o curta","align":"left"},"txt":{"name":"editor","type":"editor","check":"false","wr":"wr12","label":"Dresci\u00e7\u00e3o Completa","align":"left"}},"columns_active_n":"15","created_at":"2025-07-31 19:09:08","table__1":"courses","newIndexName":null,"newIndexType":"INDEX","newIndexColumns":"{}","newFkName":null,"newFkColumn":null,"newFkReferencedTable":null,"newFkReferencedColumn":"id","newFkOnDelete":"SET NULL","newFkOnUpdate":"CASCADE","7-Type":"bigint unsigned","7-originalField":"categories","save_button":null,"resources":[],"icon":"pages"}