{"sel_all_all":"false","id":1014,"order":701,"name":"Cursos (Categorias)","table":"courses_categories","categories":700,"type":0,"info":["excluir","order","delete","edit","create","columns_active","star_4","pdf","excel","columns_order"],"active":1,"updated_at":"2025-07-30 16:26:23","columns_order_n":"11","table__":"CoursesCategories","input":{"0":{"type":"file","wr":"wr12","align":"right","check":"true","label":"Foto","name":"image","order":"1"},"1":{"type":"text","wr":"wr6","align":"left"},"2":{"type":"text","wr":"wr6","align":"left","label":"Titulo","name":"name","check":"true","tags":"required","order":"2"},"3":{"type":"text","wr":"wr6","align":"left","label":"Subtitulo","name":"name_1","check":"true"},"4":{"type":"select","wr":"wr6","align":"left","label":"N\u00edveis","name":"levels","options":"1005","check":"true","tags":"required","order":"10"},"5":{"type":"text","wr":"wr3","align":"left","label":"Cor Fundo","name":"color","check":"true"},"6":{"type":"text","wr":"wr3","align":"left","label":"Cor Fonte","name":"color_1","check":"true"},"7":{"type":"text","wr":"wr6","align":"left","label":"Icone 1","name":"icon_1","check":"true","title":"Frases"},"8":{"type":"text","wr":"wr6","align":"left","label":"Texto 1","name":"text_1","check":"true"},"9":{"type":"text","wr":"wr6","align":"left","label":"Icone 2","name":"icon_2","check":"true"},"10":{"type":"text","wr":"wr6","align":"left","label":"Texto 2","name":"text_2","check":"true"},"11":{"type":"text","wr":"wr6","align":"left","label":"Icone 3","name":"icon_3","check":"true"},"12":{"type":"text","wr":"wr6","align":"left","label":"Texto 3","name":"text_4","check":"true"},"13":{"type":"text","wr":"wr6","align":"left"},"txt_meta":{"name":"description","type":"textarea","check":"false","wr":"wr12","label":"Descri\u00e7\u00e3o curta","align":"left"},"txt":{"name":"editor","type":"editor","check":"false","wr":"wr12","label":"Dresci\u00e7\u00e3o Completa","align":"left"}},"columns_active_n":"15","created_at":"2025-07-30 16:26:17","orderby":"order ASC, levels ASC,","table__1":"courses_categories","newIndexName":null,"newIndexType":"INDEX","newIndexColumns":"{}","newFkName":null,"newFkColumn":null,"newFkReferencedTable":null,"newFkReferencedColumn":"id","newFkOnDelete":"SET NULL","newFkOnUpdate":"CASCADE","save_button":"force_create_model_again","resources":[],"10-Type":"bigint unsigned","10-originalField":"levels","icon":null}