{"sel_all_all":"false","id":1017,"order":255,"name":"Cart\u00f5es","table":"customers_address_2","categories":200,"type":2,"info":["excluir","pdf","hide","items_page","excel","delete"],"active":1,"updated_at":"2025-03-23 19:08:42","table__":"CustomersAddress2","input":{"0":{"type":"column","wr":"wr6","align":"left","label":"Titular do cart\u00e3o","name":"name","check":"true","order":"10-L"},"1":{"type":"column","wr":"wr6","align":"left","label":"Bandeira do cart\u00e3o","name":"code_2","check":"true","order":"20"},"2":{"type":"column","wr":"wr6","align":"left","label":"\u00daltimos n\u00fameros do cart\u00e3o","name":"code_1","order":"30","check":"true"},"3":{"type":"text","wr":"wr6","align":"left"},"5":{"wr":"wr6","options":null,"align":"left"},"6":{"type":"column","wr":"wr6","options":null,"check":"false","name":"created_at","label":"Data Cadastro","order":"1","align":"left"},"txt_meta":{"name":"description","type":"textarea","check":"false","wr":"wr12","label":"Descri\u00e7\u00e3o curta","align":"left"},"txt":{"name":"editor","type":"editor","check":"false","wr":"wr12","label":"Dresci\u00e7\u00e3o Completa","align":"left"}},"table__1":"customers_address_2","newIndexName":null,"newIndexType":"INDEX","newIndexColumns":"{}","newFkName":null,"newFkColumn":null,"newFkReferencedTable":null,"newFkReferencedColumn":"id","newFkOnDelete":"SET NULL","newFkOnUpdate":"CASCADE","save_button":"datatable","resources":[],"created_at":"2025-08-12 11:56:09","filter":"$query->where('customers', $request->user()->id);","save":"[ 'customers' => $request->user()->id ]","icon":null}