{"sel_all_all":"false","id":1018,"order":260,"name":"Contas Banc\u00e1rias","table":"customers_banks","categories":200,"type":2,"info":["excluir","pdf","hide","items_page","excel","delete","create","edit"],"active":1,"updated_at":"2025-03-23 19:08:42","table__":"CustomersBanks","input":{"0":{"type":"column","wr":"wr6","align":"left","label":"Dados","name":"data__","check":"true","order":"20","extra":"|->no_search |->no_save |->set->set[agency] set[pix_type] \/ set[account] set[pix_key] |->no_search |->no_save"},"1":{"type":"text","wr":"wr6","align":"left"},"2":{"type":"select","wr":"wr12","align":"left","label":"Banco \/ Tipo","name":"name","check":"true","order":"10-L","extra":"|->>PIX - Transfer\u00eancia via PIX: PIX - Transfer\u00eancia via PIX; 341 - Ita\u00fa Unibanco S.A.: 341 - Ita\u00fa Unibanco S.A.; 001 - Banco do Brasil S.A.: 001 - Banco do Brasil S.A.; 104 - Caixa Econ\u00f4mica Federal: 104 - Caixa Econ\u00f4mica Federal; 237 - Banco Bradesco S.A.: 237 - Banco Bradesco S.A.; 323 - Mercado Pago - Conta do Mercado Livre: 323 - Mercado Pago - Conta do Mercado Livre; 260 - Banco Nubank S.A.: 260 - Banco Nubank S.A.; 212 - Banco Original S.A.: 212 - Banco Original S.A.; 246 - Banco ABC Brasil S.A.: 246 - Banco ABC Brasil S.A.; 25 - Banco Alfa S.A.: 25 - Banco Alfa S.A.; 641 - Banco Alvorada S.A.: 641 - Banco Alvorada S.A.; 29 - Banco Banerj S.A.: 29 - Banco Banerj S.A.; 740 - Banco Barclays S.A.: 740 - Banco Barclays S.A.; 107 - Banco BBM S.A.: 107 - Banco BBM S.A.; 31 - Banco Beg S.A.: 31 - Banco Beg S.A.; 739 - Banco BGN S.A.: 739 - Banco BGN S.A.; 96 - Banco BM&amp;FBOVESPA de Servi\u00e7os de Liquida\u00e7\u00e3o e Cust\u00f3dia S.A: 96 - Banco BM&amp;FBOVESPA de Servi\u00e7os de Liquida\u00e7\u00e3o e Cust\u00f3dia S.A; 318 - Banco BMG S.A.: 318 - Banco BMG S.A.; 752 - Banco BNP Paribas Brasil S.A.: 752 - Banco BNP Paribas Brasil S.A.; 248 - Banco Boavista Interatl\u00e2ntico S.A.: 248 - Banco Boavista Interatl\u00e2ntico S.A.; 218 - Banco Bonsucesso S.A.: 218 - Banco Bonsucesso S.A.; 65 - Banco Bracce S.A.: 65 - Banco Bracce S.A.; 36 - Banco Bradesco BBI S.A.: 36 - Banco Bradesco BBI S.A.; 204 - Banco Bradesco Cart\u00f5es S.A.: 204 - Banco Bradesco Cart\u00f5es S.A.; 394 - Banco Bradesco Financiamentos S.A.: 394 - Banco Bradesco Financiamentos S.A.; 208 - Banco BTG Pactual S.A.: 208 - Banco BTG Pactual S.A.; 263 - Banco Cacique S.A.: 263 - Banco Cacique S.A.; 473 - Banco Caixa Geral - Brasil S.A.: 473 - Banco Caixa Geral - Brasil S.A.; 40 - Banco Cargill S.A.: 40 - Banco Cargill S.A.; 233 - Banco Cifra S.A.: 233 - Banco Cifra S.A.; 745 - Banco Citibank S.A.: 745 - Banco Citibank S.A.; M08 - Banco Citicard S.A.: M08 - Banco Citicard S.A.; M19 - Banco CNH Capital S.A.: M19 - Banco CNH Capital S.A.; 215 - Banco Comercial e de Investimento Sudameris S.A.: 215 - Banco Comercial e de Investimento Sudameris S.A.; 95 - Banco Confidence de C\u00e2mbio S.A.: 95 - Banco Confidence de C\u00e2mbio S.A.; 756 - Banco Cooperativo do Brasil S.A. - BANCOOB: 756 - Banco Cooperativo do Brasil S.A. - BANCOOB; 748 - Banco Cooperativo Sicredi S.A.: 748 - Banco Cooperativo Sicredi S.A.; 222 - Banco Credit Agricole Brasil S.A.: 222 - Banco Credit Agricole Brasil S.A.; 505 - Banco Credit Suisse (Brasil) S.A.: 505 - Banco Credit Suisse (Brasil) S.A.; 3 - Banco da Amaz\u00f4nia S.A.: 3 - Banco da Amaz\u00f4nia S.A.; 707 - Banco Daycoval S.A.: 707 - Banco Daycoval S.A.; M06 - Banco de Lage Landen Brasil S.A.: M06 - Banco de Lage Landen Brasil S.A.; 24 - Banco de Pernambuco S.A. - BANDEPE: 24 - Banco de Pernambuco S.A. - BANDEPE; 456 - Banco de Tokyo-Mitsubishi UFJ Brasil S.A.: 456 - Banco de Tokyo-Mitsubishi UFJ Brasil S.A.; 214 - Banco Dibens S.A.: 214 - Banco Dibens S.A.; 47 - Banco do Estado de Sergipe S.A.: 47 - Banco do Estado de Sergipe S.A.; 37 - Banco do Estado do Par\u00e1 S.A.: 37 - Banco do Estado do Par\u00e1 S.A.; 41 - Banco do Estado do Rio Grande do Sul S.A.: 41 - Banco do Estado do Rio Grande do Sul S.A.; 4 - Banco do Nordeste do Brasil S.A.: 4 - Banco do Nordeste do Brasil S.A.; 265 - Banco Fator S.A.: 265 - Banco Fator S.A.; M03 - Banco Fiat S.A.: M03 - Banco Fiat S.A.; 224 - Banco Fibra S.A.: 224 - Banco Fibra S.A.; 626 - Banco Ficsa S.A.: 626 - Banco Ficsa S.A.; M18 - Banco Ford S.A.: M18 - Banco Ford S.A.; M07 - Banco GMAC S.A.: M07 - Banco GMAC S.A.; 612 - Banco Guanabara S.A.: 612 - Banco Guanabara S.A.; M22 - Banco Honda S.A.: M22 - Banco Honda S.A.; 63 - Banco Ibi S.A. Banco M\u00faltiplo: 63 - Banco Ibi S.A. Banco M\u00faltiplo; M11 - Banco IBM S.A.: M11 - Banco IBM S.A.; 604 - Banco Industrial do Brasil S.A.: 604 - Banco Industrial do Brasil S.A.; 320 - Banco Industrial e Comercial S.A.: 320 - Banco Industrial e Comercial S.A.; 653 - Banco Indusval S.A.: 653 - Banco Indusval S.A.; 077 - Banco Inter: 077 - Banco Inter; 249 - Banco Investcred Unibanco S.A.: 249 - Banco Investcred Unibanco S.A.; 184 - Banco Ita\u00fa BBA S.A.: 184 - Banco Ita\u00fa BBA S.A.; 479 - Banco Ita\u00faBank S.A: 479 - Banco Ita\u00faBank S.A; M09 - Banco Itaucred Financiamentos S.A.: M09 - Banco Itaucred Financiamentos S.A.; 376 - Banco J. P. Morgan S.A.: 376 - Banco J. P. Morgan S.A.; 74 - Banco J. Safra S.A.: 74 - Banco J. Safra S.A.; 217 - Banco John Deere S.A.: 217 - Banco John Deere S.A.; 600 - Banco Luso Brasileiro S.A.: 600 - Banco Luso Brasileiro S.A.; 389 - Banco Mercantil do Brasil S.A.: 389 - Banco Mercantil do Brasil S.A.; 370 - Banco Mizuho do Brasil S.A.: 370 - Banco Mizuho do Brasil S.A.; 746 - Banco Modal S.A.: 746 - Banco Modal S.A.; 45 - Banco Opportunity S.A.: 45 - Banco Opportunity S.A.; 79 - Banco Original do Agroneg\u00f3cio S.A.: 79 - Banco Original do Agroneg\u00f3cio S.A.; 623 - Banco Panamericano S.A.: 623 - Banco Panamericano S.A.; 611 - Banco Paulista S.A.: 611 - Banco Paulista S.A.; 643 - Banco Pine S.A.: 643 - Banco Pine S.A.; M24 - Banco PSA Finance Brasil S.A.: M24 - Banco PSA Finance Brasil S.A.; 747 - Banco Rabobank International Brasil S.A.: 747 - Banco Rabobank International Brasil S.A.; 356 - Banco Real S.A.: 356 - Banco Real S.A.; 633 - Banco Rendimento S.A.: 633 - Banco Rendimento S.A.; M16 - Banco Rodobens S.A.: M16 - Banco Rodobens S.A.; 72 - Banco Rural Mais S.A.: 72 - Banco Rural Mais S.A.; 453 - Banco Rural S.A.: 453 - Banco Rural S.A.; 422 - Banco Safra S.A.: 422 - Banco Safra S.A.; 33 - Banco Santander (Brasil) S.A.: 33 - Banco Santander (Brasil) S.A.; 749 - Banco Simples S.A.: 749 - Banco Simples S.A.; 366 - Banco Soci\u00e9t\u00e9 G\u00e9n\u00e9rale Brasil S.A.: 366 - Banco Soci\u00e9t\u00e9 G\u00e9n\u00e9rale Brasil S.A.; 12 - Banco Standard de Investimentos S.A.: 12 - Banco Standard de Investimentos S.A.; 464 - Banco Sumitomo Mitsui Brasileiro S.A.: 464 - Banco Sumitomo Mitsui Brasileiro S.A.; M20 - Banco Toyota do Brasil S.A.: M20 - Banco Toyota do Brasil S.A.; 634 - Banco Tri\u00e2ngulo S.A.: 634 - Banco Tri\u00e2ngulo S.A.; M14 - Banco Volkswagen S.A.: M14 - Banco Volkswagen S.A.; M23 - Banco Volvo (Brasil) S.A.: M23 - Banco Volvo (Brasil) S.A.; 655 - Banco Votorantim S.A.: 655 - Banco Votorantim S.A.; 610 - Banco VR S.A.: 610 - Banco VR S.A.; 119 - Banco Western Union do Brasil S.A.: 119 - Banco Western Union do Brasil S.A.; 21 - BANESTES S.A. Banco do Estado do Esp\u00edrito Santo: 21 - BANESTES S.A. Banco do Estado do Esp\u00edrito Santo; 719 - Banif-Banco Internacional do Funchal (Brasil)S.A.: 719 - Banif-Banco Internacional do Funchal (Brasil)S.A.; 755 - Bank of America Merrill Lynch Banco M\u00faltiplo S.A.: 755 - Bank of America Merrill Lynch Banco M\u00faltiplo S.A.; 73 - BB Banco Popular do Brasil S.A.: 73 - BB Banco Popular do Brasil S.A.; 250 - BCV - Banco de Cr\u00e9dito e Varejo S.A.: 250 - BCV - Banco de Cr\u00e9dito e Varejo S.A.; 78 - BES Investimento do Brasil S.A.-Banco de Investimento: 78 - BES Investimento do Brasil S.A.-Banco de Investimento; 69 - BPN Brasil Banco M\u00faltiplo S.A.: 69 - BPN Brasil Banco M\u00faltiplo S.A.; 125 - Brasil Plural S.A. - Banco M\u00faltiplo: 125 - Brasil Plural S.A. - Banco M\u00faltiplo; 70 - BRB - Banco de Bras\u00edlia S.A.: 70 - BRB - Banco de Bras\u00edlia S.A.; 477 - Citibank S.A.: 477 - Citibank S.A.; 487 - Deutsche Bank S.A. - Banco Alem\u00e3o: 487 - Deutsche Bank S.A. - Banco Alem\u00e3o; 64 - Goldman Sachs do Brasil Banco M\u00faltiplo S.A.: 64 - Goldman Sachs do Brasil Banco M\u00faltiplo S.A.; 62 - Hipercard Banco M\u00faltiplo S.A.: 62 - Hipercard Banco M\u00faltiplo S.A.; 399 - HSBC Bank Brasil S.A. - Banco M\u00faltiplo: 399 - HSBC Bank Brasil S.A. - Banco M\u00faltiplo; 492 - ING Bank N.V.: 492 - ING Bank N.V.; 652 - Ita\u00fa Unibanco Holding S.A.: 652 - Ita\u00fa Unibanco Holding S.A.; 488 - JPMorgan Chase Bank: 488 - JPMorgan Chase Bank; 290 - PagSeguro Internet S.A.: 290 - PagSeguro Internet S.A.; 751 - Scotiabank Brasil S.A. Banco M\u00faltiplo: 751 - Scotiabank Brasil S.A. Banco M\u00faltiplo; 409 - UNIBANCO - Uni\u00e3o de Bancos Brasileiros S.A.: 409 - UNIBANCO - Uni\u00e3o de Bancos Brasileiros S.A.; 230 - Unicard Banco M\u00faltiplo S.A.: 230 - Unicard Banco M\u00faltiplo S.A.;"},"3":{"type":"text","wr":"wr6","align":"left","label":"Ag\u00eancia","name":"agency","check":"true","extra":"|->value_not_rel->name->PIX - Transfer\u00eancia via PIX"},"4":{"type":"text","wr":"wr6","align":"left","label":"Conta (Com do digito)","name":"account","check":"true","extra":"|->value_not_rel->name->PIX - Transfer\u00eancia via PIX"},"5":{"type":"text","wr":"wr6","align":"left","name":"pix_type","label":"Tipo do Pix","extra":"|->value_rel->name->PIX - Transfer\u00eancia via PIX","check":"true"},"6":{"type":"text","wr":"wr6","align":"left","name":"pix_key","label":"Chave Pix","extra":"|->value_rel->name->PIX - Transfer\u00eancia via PIX","check":"true"},"7":{"type":"text","wr":"wr6","align":"left"},"txt_meta":{"name":"description","type":"textarea","check":"false","wr":"wr12","label":"Descri\u00e7\u00e3o curta","align":"left"},"txt":{"name":"editor","type":"editor","check":"false","wr":"wr12","label":"Dresci\u00e7\u00e3o Completa","align":"left"}},"table__1":"customers_banks","newIndexName":null,"newIndexType":"INDEX","newIndexColumns":"{}","newFkName":null,"newFkColumn":null,"newFkReferencedTable":null,"newFkReferencedColumn":"id","newFkOnDelete":"SET NULL","newFkOnUpdate":"CASCADE","save_button":null,"resources":{"fields_datatable":[{"columns":null,"function":"FIELDS_DATATABLE"}],"html_table":[{"type":"button","vue":"customers_banks"}],"save_validate":[{"function":"customers_banks__account"}]},"created_at":"2025-08-12 11:56:09","filter":"$query->where('customers', $request->user()->id);","save":"[ 'customers' => $request->user()->id ]","columns_extra":"agency, account, pix_type, pix_key","icon":null,"type_items":null,"orderby":null}