{"sel_all_all":"false","id":1019,"order":260,"name":"Bancos","table":"banks","categories":200,"type":2,"info":["excluir","pdf","hide","items_page","excel","delete","create","edit"],"active":1,"updated_at":"2025-03-23 19:08:42","table__":"Banks","input":{"0":{"type":"text","wr":"wr6","align":"left","label":"Nome","name":"name","check":"true","order":"10-L"},"1":{"type":"text","wr":"wr6","align":"left"},"2":{"type":"text","wr":"wr6","align":"left"},"6":{"type":"column","wr":"wr6","options":null,"check":"false","name":"created_at","label":"Data Cadastro","order":"1","align":"left"},"txt_meta":{"name":"description","type":"textarea","check":"false","wr":"wr12","label":"Descri\u00e7\u00e3o curta","align":"left"},"txt":{"name":"editor","type":"editor","check":"false","wr":"wr12","label":"Dresci\u00e7\u00e3o Completa","align":"left"}},"table__1":"banks","newIndexName":null,"newIndexType":"INDEX","newIndexColumns":"{}","newFkName":null,"newFkColumn":null,"newFkReferencedTable":null,"newFkReferencedColumn":"id","newFkOnDelete":"SET NULL","newFkOnUpdate":"CASCADE","save_button":"datatable","resources":[],"created_at":"2025-08-12 11:56:09","icon":null}