{"sel_all_all":"false","id":1020,"order":250,"name":"Extrato","table":"customers_statement","categories":200,"type":0,"info":["create","edit","excluir","delete","pdf","excel","hide","items_page"],"active":0,"updated_at":"2025-03-23 19:08:42","table__":"CustomersStatement","input":{"0":{"type":"column","wr":"wr6","options":null,"check":"false","name":"created_at","label":"Data Cadastro","order":"11","align":"left"},"1":{"type":"text","wr":"wr6","align":"left"},"15":{"wr":"wr6","options":null,"align":"left"},"16":{"wr":"wr6","options":null,"align":"left"},"txt_meta":{"name":"description","type":"textarea","check":"false","wr":"wr12","label":"Descri\u00e7\u00e3o curta","align":"left"},"txt":{"name":"editor","type":"editor","check":"false","wr":"wr12","label":"Dresci\u00e7\u00e3o Completa","align":"left"}},"table__1":"customers_address","newIndexName":null,"newIndexType":"INDEX","newIndexColumns":"{}","newFkName":null,"newFkColumn":null,"newFkReferencedTable":null,"newFkReferencedColumn":"id","newFkOnDelete":"SET NULL","newFkOnUpdate":"CASCADE","save_button":"datatable","resources":[],"icon":null,"created_at":"2025-08-12 17:33:40"}