{"sel_all_all":"false","id":1022,"order":265,"name":"Saques","table":"customers_saques","categories":200,"type":0,"info":["create","edit","excluir","delete","pdf","excel","hide","items_page","search_top_on","search_top_date"],"active":1,"updated_at":"2025-03-23 19:08:42","table__":"CustomersSaques","input":{"0":{"type":"column","wr":"wr6","options":null,"check":"true","name":"created_at","label":"Data Cadastro","order":"11","align":"left","extra":"|->table_css->w100"},"1":{"type":"column","wr":"wr6","align":"left","check":"true","label":"Cliente","name":"customers","options":"31","order":"20","search":"top"},"2":{"type":"column","wr":"wr6","align":"left","check":"true","label":"Valor","name":"price","tags":"mask=\"price\"","order":"40"},"3":{"type":"column","wr":"wr6","align":"left","check":"true","label":"Conta","name":"conta","order":"50"},"4":{"type":"text","wr":"wr6","align":"left"},"5":{"type":"select","wr":"wr6","align":"left","check":"true","label":"Status","name":"status","order":"30","extra":"|->>0: Solicitado; 1: Pago; 2: Cancelado","tags":"required","search":"top"},"6":{"wr":"wr6","options":null,"align":"left","type":"text"},"7":{"wr":"wr6","options":null,"align":"left"},"txt_meta":{"name":"description","type":"textarea","check":"false","wr":"wr12","label":"Descri\u00e7\u00e3o curta","align":"left"},"txt":{"name":"editor","type":"editor","check":"false","wr":"wr12","label":"Dresci\u00e7\u00e3o Completa","align":"left"}},"table__1":"customers_saques","newIndexName":null,"newIndexType":"INDEX","newIndexColumns":"{}","newFkName":null,"newFkColumn":null,"newFkReferencedTable":null,"newFkReferencedColumn":"id","newFkOnDelete":"SET NULL","newFkOnUpdate":"CASCADE","save_button":null,"resources":{"save":[{"type":"{}","function":"customers_saques__status"}],"html_table":[{"type":null,"vue":null}],"html_create_edit":[{"type":"footer_left","function":null,"vue":"customers_saques"}]},"created_at":"2025-08-12 17:33:40","search_columns_date":"created_at","search_date_field":{"created_at":"Data de Cria\u00e7\u00e3o"},"search_columns_date_current":"created_at","columns_extra":"name","icon":null,"type_items":null,"filter":null,"orderby":null}