{"sel_all_all":"false","id":1023,"order":206,"name":"Clientes XXX","table":"customers_subscription","categories":200,"type":0,"info":["excluir","pdf","excel"],"active":0,"updated_at":"2025-03-19 16:51:20","columns_active_n":"11","table__":"CustomersSubscription","type_items":"customers","input":{"0":{"type":"column","wr":"wr6","check":"true","name":"created_at","options":null,"label":"Data Cadastro","align":"left","order":"15"},"1":{"type":"select","wr":"wr6","align":"left","check":"true","label":"C\u00f3digo","name":"code"},"2":{"type":"select","wr":"wr6","align":"left","name":"customers","check":"true"},"3":{"type":"price","wr":"wr6","align":"left","name":"price","check":"true","label":"Valor","tags":"mask=\"price\""},"4":{"type":"select","wr":"wr6","align":"left","name":"method","check":"true"},"5":{"type":"text","wr":"wr6","align":"left"},"txt_meta":{"name":"description","type":"textarea","check":"false","wr":"wr12","label":"Descri\u00e7\u00e3o curta","align":"left"},"txt":{"name":"editor","type":"editor","check":"false","wr":"wr12","label":"Dresci\u00e7\u00e3o Completa","align":"left"}},"created_at":"2025-03-19 22:47:38","table__1":"customers_subscription","newIndexName":null,"newIndexType":"INDEX","newIndexColumns":"{}","newFkName":null,"newFkColumn":null,"newFkReferencedTable":null,"newFkReferencedColumn":"id","newFkOnDelete":"SET NULL","newFkOnUpdate":"CASCADE","save_button":"datatable","resources":[],"icon":null,"filter":null,"orderby":null}