{"sel_all_all":"false","id":11,"order":4070,"name":"Informa\u00e7\u00f5es","table":"x_settings","icon":"faa-gear","categories":2500,"type":1,"info":["excluir","edit"],"active":1,"updated_at":"2025-02-19 10:11:38","columns_active_n":"1","columns_order_n":"20","table__":"XSettings","input":{"0":{"type":"file","wr":"wr12","align":"right","label":"Termos de Uso (Cadastro)","name":"image_termo_de_uso_cadastro","check":"true","tags":"file"},"1":{"type":"text","wr":"wr6","align":"left"},"2":{"type":"text","wr":"wr6","align":"left","label":"Tempo de Aprova\u00e7\u00e3o das Campanhas","name":"tempo_aprovacao","check":"false"},"3":{"type":"number","wr":"wr6","align":"left","check":"false","label":"Dias para Desbloqueio da Comiss\u00e3o (em dias)","name":"comissao_desbloqueio_dias","tags":"min=\"0\""},"4":{"type":"price","wr":"wr6","align":"left","check":"false","title":"Assinatura","label":"Valor da Assinatura","name":"price_subscription","tags":"mask=\"price\""},"5":{"type":"price","wr":"wr6","align":"left","check":"false","label":"Porcentagem de quem Indicou (%)","name":"percent_subscription","tags":"mask=\"perc\""},"6":{"wr":"wr6","options":null,"align":"left","type":"number","check":"false","label":"Pontos (Baseado no pontos que o indicado) (%)","name":"points_indications","tags":"min=\"0\"","title":"Indica\u00e7\u00f5es"},"7":{"wr":"wr6","options":null,"align":"left","type":"price","check":"false","label":"Comiss\u00e3o (Baseado na comiss\u00e3o do indicado) (%)","name":"commission_indications","tags":"mask=\"perc\""},"8":{"type":"number","wr":"wr6","align":"left","check":"false","title":"Saque","label":"Dias para Solicitar novo Saque","name":"saque_day","tags":"min=\"1\""},"9":{"type":"price","wr":"wr6","align":"left","check":"false","label":"Valor Minimo para Saque","name":"price_min_saque","tags":"mask=\"price\""},"10":{"type":"text","wr":"wr6","options":null,"align":"left"},"11":{"type":"text","name":"address","check":"false","wr":"wr3","options":null,"label":"Endere\u00e7o","align":"left"},"12":{"type":"tel","wr":"wr6","name":"phone","check":"false","options":null,"label":"Telefone","align":"left"},"13":{"type":"text","wr":"wr6","options":null,"name":"email_1","check":"false","label":"Email","align":"left"},"14":{"wr":"wr6","options":null,"name":"cnpj","check":"false","type":"text","label":"CNPJ","align":"left"},"15":{"type":"tel","wr":"wr6","options":null,"check":"true","name":"whatsapp","fieldset":"Whatsapp","label":"Whatsapp","align":"left"},"16":{"type":"number","wr":"wr6","options":null,"check":"true","name":"whatsapp_code","label":"Whatsapp (C\u00f3digo)","align":"left"},"17":{"wr":"wr6","options":null,"check":"true","name":"whatsapp_txt","type":"text","label":"Whatsapp (Texto)","align":"left"},"18":{"type":"textarea","wr":"wr6","options":null,"name":"opening_hours","check":"false","fieldset":"Hor\u00e1rio de Atendimento","label":"Hor\u00e1rios","align":"left"},"19":{"type":"text","wr":"wr6","align":"left"},"txt_meta":{"name":"description","type":"textarea","check":"false","wr":"wr12","label":"Descri\u00e7\u00e3o","align":"left"},"txt":{"name":"editor","type":"editor","check":"false","wr":"wr12","label":"Dresci\u00e7\u00e3o Completa","align":"left"}},"table__1":"x_settings","newIndexName":null,"newIndexType":"INDEX","newIndexColumns":"{}","newFkName":null,"newFkColumn":null,"newFkReferencedTable":null,"newFkReferencedColumn":"id","newFkOnDelete":"SET NULL","newFkOnUpdate":"CASCADE","save_button":null,"resources":[],"type_items":null,"filter":null,"orderby":null,"created_at":null}