{"sel_all_all":"false","id":12,"order":4000,"name":"Informa\u00e7\u00f5es Padr\u00f5es","table":"x_settings","categories":4000,"type":1,"info":["excluir","edit"],"active":0,"updated_at":"2025-02-17T19:11:38.000000Z","columns_active_n":"1","columns_order_n":"20","table__":"XSettings","input":{"0":{"type":"text","name":"key_google","check":"true","wr":"wr12","options":null,"label":"Key Google","align":"left"},"1":{"type":"text","wr":"wr12","name":"key_captcha","check":"false","options":null,"label":"Key Re-captcha","align":"left"},"2":{"type":"text","wr":"wr6","options":null,"align":"left"},"3":{"wr":"wr6","options":null,"align":"left"},"4":{"wr":"wr6","options":null,"align":"left"},"txt_meta":{"name":"description","type":"textarea","check":"false","wr":"wr12","label":"Descri\u00e7\u00e3o","align":"left"},"txt":{"name":"editor","type":"editor","check":"false","wr":"wr12","label":"Dresci\u00e7\u00e3o Completa","align":"left"}},"icon":"faa-gear","type_items":null,"filter":null,"created_at":null}