{"sel_all_all":"false","id":13,"order":4010,"name":"Informa\u00e7\u00f5es Frete","table":"x_settings","icon":"faa-gear","categories":4000,"type":1,"info":["excluir","edit"],"active":1,"updated_at":"2025-02-17T22:11:38.000000Z","columns_active_n":"1","columns_order_n":"20","table__":"XSettings","input":{"0":{"type":"select","wr":"wr6","options":null,"align":"left","check":"true","label":"Correios","name":"shippings_correios","extra":"|->>0: N\u00e3o; 1: Sim"},"1":{"type":"select","name":"shippings_melhor_envio","check":"true","wr":"wr6","options":null,"extra":"|->>0: N\u00e3o; 1: Sim","label":"Frete  Pelo Melhor Envio","align":"left"},"2":{"type":"select","wr":"wr6","name":"shippings_local","check":"false","extra":"|->>0: N\u00e3o; 1: Sim","options":null,"label":"Frete Pela Localiza\u00e7\u00e3o","align":"left"},"3":{"type":"select","wr":"wr6","name":"shippings_raio","check":"false","extra":"|->>0: N\u00e3o; 1: Sim","options":null,"label":"Frete pelo Raio","align":"left"},"4":{"type":"select","wr":"wr6","name":"shippings_moto_boy","check":"false","extra":"|->>0: N\u00e3o; 1: Sim","options":null,"label":"Frete pelo Moto Boy","align":"left"},"5":{"type":"select","wr":"wr6","name":"shippings_retirar_na_loja","check":"true","extra":"|->>0: N\u00e3o; 1: Sim","options":null,"label":"Retirar na Loja","align":"left"},"6":{"type":"zipcode","wr":"wr6","name":"zipcode","check":"true","options":null,"fieldset":"Endere\u00e7o","label":"Cep Origem","tags":"mask=\"zipcode\" required","align":"left","title":"Endere\u00e7o"},"7":{"wr":"wr6","options":null,"align":"left","type":"text","name":"correios_usuario","label":"Usuario","title":"Correios","check":"true"},"8":{"wr":"wr6","options":null,"align":"left","type":"text","name":"correios_code_acess","label":"C\u00f3digo de acesso a API","check":"true"},"9":{"type":"text","wr":"wr6","align":"left","label":"Contrato","name":"correios_contrato","check":"true"},"10":{"type":"text","wr":"wr6","align":"left","label":"DR","name":"correios_dr","check":"true"},"11":{"type":"text","wr":"wr6","align":"left","check":"true","label":"Cart\u00e3o de Postagem","name":"correios_cartao_postagem"},"12":{"type":"text","wr":"wr12","fieldset":"Melhor Envio","name":"melhor_envio_token","check":"true","options":null,"label":"Token","align":"left","title":"Melhor Envio"},"13":{"type":"text","wr":"wr6","fieldset":"Frete por Raio","name":"raio_lat","check":"false","options":null,"label":"Latitude","align":"left","title":"Frete por Raio"},"14":{"type":"text","wr":"wr6","name":"raio_lng","check":"false","options":null,"label":"Longitude","align":"left"},"15":{"type":"price","wr":"wr6","name":"price_moto_boy","fieldset":"Frete Moto Boy","check":"false","options":null,"label":"Valor","tags":"mask=\"price\"","align":"left","title":"Frete Moto Boy"},"16":{"type":"text","wr":"wr6","align":"left"},"txt_meta":{"name":"description","type":"textarea","check":"false","wr":"wr12","label":"Descri\u00e7\u00e3o","align":"left"},"txt":{"name":"editor","type":"editor","check":"false","wr":"wr12","label":"Dresci\u00e7\u00e3o Completa","align":"left"}},"type_items":null,"filter":null,"created_at":null}