{"sel_all_all":"false","id":14,"order":4060,"name":"Emails","table":"x_settings","icon":"faa-gear","categories":4000,"type":1,"info":["excluir","edit"],"active":1,"updated_at":"2025-02-17T19:11:38.000000Z","columns_active_n":"1","columns_order_n":"20","table__":"XSettings","input":{"0":{"type":"text","name":"email","check":"false","wr":"wr12","options":null,"label":"Email Contato","tags":"required","align":"left"},"1":{"type":"select","wr":"wr6","name":"smtp_active","check":"true","fieldset":"Configura\u00e7\u00e3o","extra":"|->>0: N\u00e3o; 1: Sim","options":null,"label":"Ativar Envio pelo SMTP","align":"left"},"2":{"type":"select","wr":"wr6","name":"smtp_ssl","check":"true","extra":"|->>0: TLS - Porta 587; 1: SSL - Porta 465","options":null,"label":"SMTP SSL","align":"left"},"3":{"type":"text","wr":"wr4","name":"smtp_smtp","check":"true","options":null,"label":"SMTP","align":"left"},"4":{"type":"text","wr":"wr4","name":"smtp_email","check":"true","options":null,"label":"Email","align":"left"},"5":{"type":"text","wr":"wr4","name":"smtp_password","check":"true","options":null,"label":"Senha","align":"left"},"6":{"type":"info","wr":"wr12","check":"false","name":"Link para Teste:","options":null,"align":"left"},"7":{"type":"text","wr":"wr6","options":null,"align":"left"},"8":{"wr":"wr6","options":null,"align":"left"},"9":{"wr":"wr6","options":null,"align":"left"},"txt_meta":{"name":"description","type":"textarea","check":"false","wr":"wr12","label":"Descri\u00e7\u00e3o","align":"left"},"txt":{"name":"editor","type":"editor","check":"false","wr":"wr12","label":"Dresci\u00e7\u00e3o Completa","align":"left"}},"type_items":null,"filter":null,"created_at":null}