{"sel_all_all":"false","id":15,"order":2800,"name":"Emails Personalizados","table":"texts","categories":2800,"filter":"$query->where('texts.active', 1);","type":0,"info":["excluir","edit"],"active":1,"updated_at":"2025-02-18T09:19:38.000000Z","columns_active_n":"1","columns_order_n":"50","table__":"Texts","type_items":"emails","orderby":"order ASC, id ASC, name_main DESC,","input":{"0":{"type":"column","name":"id","check":"false","wr":"wr6","options":null,"label":"#","order":"10","align":"left"},"1":{"type":"column","wr":"wr6","name":"name_main","check":"true","options":null,"label":"Nome","order":"12-L","align":"left"},"2":{"type":"textarea","wr":"wr12","options":null,"align":"left","check":"true","label":"Whatsapp","name":"whatsapp"},"3":{"type":"text","wr":"wr12","name":"name","check":"true","options":null,"label":"Assunto","order":"30-L","align":"left"},"4":{"wr":"wr6","options":null,"align":"left","type":"text"},"5":{"wr":"wr6","options":null,"align":"left"},"txt_meta":{"name":"description","type":"textarea","check":"false","wr":"wr12","label":"Descri\u00e7\u00e3o","align":"left"},"txt":{"name":"editor","type":"editor","check":"true","wr":"wr12","label":"Dresci\u00e7\u00e3o Completa","align":"left"}},"icon":"faa-envelope|faa-envelope-o","created_at":null}