{"sel_all_all":"false","id":17,"order":4030,"name":"Config. do Site","table":"x_settings","icon":"faa-gear","categories":4000,"type":1,"info":["excluir","edit"],"active":1,"updated_at":"2025-02-17T19:11:38.000000Z","columns_active_n":"1","columns_order_n":"20","table__":"XSettings","input":{"0":{"type":"text","name":"name_site","check":"true","wr":"wr12","options":null,"label":"Nome do Site","align":"left","tags":"required"},"1":{"type":"text","wr":"wr12","name":"meta_title","check":"true","extra":"M\u00e1ximo 70 caracteres","options":null,"label":"Titulo do Site (Title)","tags":"limit=\"70\" required","align":"left"},"2":{"type":"text","wr":"wr12","name":"meta_keywords","extra":"Recomend\u00e1vel no m\u00e1ximo 10 palavras chaves","check":"true","options":null,"label":"Palavras-chaves (Keywords)","align":"left","tags":"required"},"3":{"type":"textarea","wr":"wr12","name":"meta_description","extra":"M\u00e1ximo 160 caracteres","check":"true","options":null,"label":"Descri\u00e7\u00e3o (Description)","tags":"limit=\"160\"","align":"left"},"4":{"type":"file","wr":"wr12","name":"image_favicon","check":"true","options":null,"label":"Favicon","align":"right"},"5":{"type":"file","wr":"wr12","name":"image_sharing","check":"true","options":null,"label":"Foto Compartilhamento","align":"right"},"6":{"type":"select","wr":"wr6","name":"thumbs_jpg_to_webp","fieldset":"Imagens","extra":"|->>0: N\u00e3o; 1: Sim","check":"false","options":null,"label":"Thumbs (JPG para WEBP)","align":"left"},"7":{"type":"select","wr":"wr6","name":"thumbs_jpg_to_jpg","extra":"|->>0: N\u00e3o; 1: Sim","check":"false","options":null,"label":"Thumbs (JPG para JPG )","align":"left"},"8":{"type":"select","wr":"wr6","name":"thumbs_png_to_web","extra":"|->>0: N\u00e3o; 1: Sim","check":"false","options":null,"label":"Thumbs (PNG para WEBP)","align":"left"},"9":{"type":"select","wr":"wr6","name":"thumbs_png_to_jpg","extra":"|->>0: N\u00e3o; 1: Sim","check":"false","options":null,"label":"Thumbs (PNG para JPG)","align":"left"},"10":{"type":"select","wr":"wr6","name":"thumbs_webp_to_webp","extra":"|->>0: N\u00e3o; 1: Sim","check":"false","options":null,"label":"Thumbs (WEBP para WEBP)","align":"left"},"11":{"type":"text","wr":"wr6","options":null,"align":"left"},"12":{"wr":"wr6","options":null,"align":"left"},"13":{"wr":"wr6","options":null,"align":"left"},"txt_meta":{"name":"description","type":"textarea","check":"false","wr":"wr12","label":"Descri\u00e7\u00e3o","align":"left"},"txt":{"name":"editor","type":"editor","check":"false","wr":"wr12","label":"Dresci\u00e7\u00e3o Completa","align":"left"}},"type_items":null,"filter":null,"created_at":null}