{"sel_all_all":"false","id":18,"order":4040,"name":"Script","table":"x_settings","icon":"faa-gear","categories":4000,"type":1,"info":["excluir","edit"],"active":1,"updated_at":"2025-02-17T19:11:38.000000Z","columns_active_n":"1","columns_order_n":"20","table__":"XSettings","input":{"0":{"type":"textarea","name":"script","check":"true","wr":"wr12","options":null,"label":"C\u00f3digo","tags":"style=\"height: 500px !important\"","align":"left"},"1":{"type":"text","wr":"wr6","options":null,"align":"left"},"2":{"wr":"wr6","options":null,"align":"left"},"3":{"wr":"wr6","options":null,"align":"left"},"txt_meta":{"name":"description","type":"textarea","check":"false","wr":"wr12","label":"Descri\u00e7\u00e3o","align":"left"},"txt":{"name":"editor","type":"editor","check":"false","wr":"wr12","label":"Dresci\u00e7\u00e3o Completa","align":"left"}},"type_items":null,"filter":null,"created_at":null}