{"sel_all_all":"false","id":19,"order":4050,"name":"Localiza\u00e7\u00e3o","table":"x_settings","icon":"faa-gear","categories":4000,"type":1,"info":["excluir","edit"],"active":0,"updated_at":"2025-02-17T19:11:38.000000Z","columns_active_n":"1","columns_order_n":"20","table__":"XSettings","input":{"0":{"type":"text","name":"google_maps_zoom","check":"true","wr":"wr6","options":null,"label":"Zoom","align":"left"},"1":{"type":"text","wr":"wr12","name":"google_maps_address","check":"true","options":null,"label":"Endere\u00e7o Completo","align":"left"},"2":{"type":"text","wr":"wr6","name":"google_maps_lat","check":"true","options":null,"label":"Latitude","align":"left"},"3":{"type":"text","wr":"wr6","name":"google_maps_lng","check":"true","options":null,"label":"longitude","align":"left"},"4":{"type":"info","wr":"wr12","check":"false","options":null,"align":"left"},"5":{"type":"text","wr":"wr6","options":null,"align":"left"},"6":{"wr":"wr6","options":null,"align":"left"},"7":{"wr":"wr6","options":null,"align":"left"},"txt_meta":{"name":"description","type":"textarea","check":"false","wr":"wr12","label":"Descri\u00e7\u00e3o","align":"left"},"txt":{"name":"editor","type":"editor","check":"false","wr":"wr12","label":"Dresci\u00e7\u00e3o Completa","align":"left"}},"type_items":null,"filter":null,"created_at":null}