{"id":2,"order":5000,"name":"Menu Admin","table":"y_menu_admin","categories":5000,"filter":"$query->where('active', 1)->where('id', '!=', 1)->where('id', '!=', 2);","type":0,"info":["excluir","edit","order","pdf","excel"],"active":0,"updated_at":"2025-01-14T04:46:09.000000Z","columns_active_n":"1","columns_order_n":"20","table__":"YMenuAdmin","orderby":"order ASC,","input":{"0":{"type":"text","name":"name","check":"true","wr":"wr6","options":null,"label":"Nome","order":"10","align":"left"},"1":{"type":"categories","wr":"wr6","check":"true","name":"categories","options":null,"extra":"table->y_menu_admin_categories","label":"Categorias","tags":"required","order":"30","align":"left"},"2":{"type":"text","wr":"wr6","options":null,"align":"left"},"3":{"wr":"wr6","options":null,"align":"left"},"4":{"wr":"wr6","options":null,"align":"left"},"txt_meta":{"name":"description","type":"textarea","check":"false","wr":"wr12","label":"Descri\u00e7\u00e3o","align":"left"},"txt":{"name":"editor","type":"editor","check":"false","wr":"wr12","label":"Dresci\u00e7\u00e3o Completa","align":"left"}},"icon":null,"type_items":null,"created_at":null}