{"sel_all_all":"false","id":27,"order":2015,"name":"Login Admin","table":"logs","categories":3000,"type":0,"info":["excluir","edit","pdf","excel"],"active":0,"updated_at":"2025-02-17T18:54:56.000000Z","columns_active_n":"1","columns_order_n":"20","table__":"Logs","input":{"0":{"type":"text","wr":"wr6","name":"name","check":"true","options":null,"label":"Nome","order":"12-L","align":"left"},"1":{"type":"text","name":"created_at","check":"true","wr":"wr12","options":null,"extra":"|->date->d\/m\/Y H:i","label":"Data de Entrada","order":"10","align":"left"},"2":{"type":"text","wr":"wr6","name":"id","check":"true","options":null,"label":"Data de Sa\u00edda","order":"30","align":"left"},"3":{"type":"text","wr":"wr6","name":"id","check":"true","options":null,"label":"Tempo  de Login","order":"40","align":"left"},"4":{"type":"text","wr":"wr6","name":"ip","options":null,"label":"IP","order":"50","align":"left"},"5":{"type":"text","wr":"wr6","options":null,"align":"left"},"6":{"wr":"wr6","options":null,"align":"left"},"7":{"wr":"wr6","options":null,"align":"left"},"txt_meta":{"name":"description","type":"textarea","check":"false","wr":"wr12","label":"Descri\u00e7\u00e3o","align":"left"},"txt":{"name":"editor","type":"editor","check":"false","wr":"wr12","label":"Dresci\u00e7\u00e3o Completa","align":"left"}},"icon":null,"type_items":null,"filter":null,"created_at":null}