{"sel_all_all":"false","id":28,"order":2040,"name":"A\u00e7\u00f5es","table":"logs","categories":3000,"type":0,"info":["excluir","edit","pdf","excel"],"active":0,"updated_at":"2025-02-17T18:54:56.000000Z","columns_active_n":"1","columns_order_n":"20","table__":"Logs","input":{"0":{"type":"text","name":"created_at","check":"true","wr":"wr12","options":null,"extra":"|->date->d\/m\/Y H:i","label":"Data","order":"10","align":"left"},"1":{"type":"text","wr":"wr6","name":"id","check":"true","options":null,"label":"A\u00e7\u00e3o","order":"12-L","align":"left"},"2":{"type":"text","wr":"wr6","name":"id","check":"true","options":null,"label":"Logs","order":"30","align":"left"},"3":{"type":"text","wr":"wr6","options":null,"align":"left"},"4":{"wr":"wr6","options":null,"align":"left"},"5":{"wr":"wr6","options":null,"align":"left"},"txt_meta":{"name":"description","type":"textarea","check":"false","wr":"wr12","label":"Descri\u00e7\u00e3o","align":"left"},"txt":{"name":"editor","type":"editor","check":"false","wr":"wr12","label":"Dresci\u00e7\u00e3o Completa","align":"left"}},"icon":null,"type_items":null,"filter":null,"created_at":null}