{"sel_all_all":"false","id":31,"order":200,"name":"Cadastro ALL","table":"customers","categories":200,"type":0,"info":["create","edit","excluir","delete","columns_active","pdf","excel","items_page"],"active":1,"updated_at":"2025-03-19 04:51:19","columns_active_n":"11","table__":"Customers","input":{"0":{"type":"column","wr":"wr6","check":"true","name":"created_at","options":null,"label":"Data Cadastro","align":"left","order":"15"},"1":{"type":"column","wr":"wr6","options":"1002","check":"true","name":"customers_address","extra":"|->items","label":"Endere\u00e7os","align":"left","order":"8"},"2":{"type":"column","wr":"wr6","align":"left","label":"On-line","name":"online__","check":"true","order":"60","extra":"|->no_search |->no_save"},"3":{"type":"column","wr":"wr6","align":"left","label":"\u00daltimo Acesso","name":"last_acess","check":"true","order":"61"},"4":{"type":"text","wr":"wr6","align":"left"},"5":{"type":"file","wr":"wr12","align":"right","label":"Foto","name":"image","check":"true","order":"1"},"6":{"type":"text","wr":"wr6","align":"left"},"7":{"type":"text","name":"name","check":"true","wr":"wr6","options":null,"label":"Nome","tags":"class=\"pf\" fullname required","align":"left","order":"2"},"8":{"type":"text","wr":"wr6","align":"left","label":"CPF","name":"cpf","tags":"class=\"pf\" mask=\"cpf\" validate_cpf validate_exist required","check":"true"},"9":{"type":"select","wr":"wr6","align":"left","label":"Sexo","name":"sexo","check":"true","extra":"|->>1: Masculino; 2: Feminino; 3: Outro","tags":"class=\"pf\""},"10":{"type":"date","wr":"wr6","align":"left","label":"Data de nascimento","name":"birth","tags":"class=\"pf\" required","check":"true"},"11":{"type":"text","wr":"wr12","align":"left","label":"Raz\u00e3o Social","name":"name","tags":"class=\"pj\" required","check":"true"},"12":{"type":"text","wr":"wr6","align":"left","label":"CNPJ","name":"cnpj","tags":"class=\"pj\" mask=\"cnpj\" validate_cnpj validate_exist required","check":"true"},"13":{"type":"text","wr":"wr6","align":"left","label":"Inscri\u00e7\u00e3o Estadual","name":"ie","check":"true"},"14":{"type":"tel","wr":"wr6","name":"phone","check":"true","options":null,"label":"Telefone \/ Whatsapp","tags":"class=\"pf\" required","align":"left","order":"42"},"15":{"type":"email","wr":"wr6","name":"email","check":"true","options":null,"label":"Email","tags":"validate_exist required","align":"left","order":"41"},"16":{"type":"password","wr":"wr12","name":"password","check":"true","options":null,"label":"Senha","tags":"maxlength=\"8\" required validate_password","align":"left"},"17":{"type":"text","wr":"wr6","align":"left"},"txt_meta":{"name":"description","type":"textarea","check":"false","wr":"wr12","label":"Descri\u00e7\u00e3o curta","align":"left"},"txt":{"name":"editor","type":"editor","check":"false","wr":"wr12","label":"Dresci\u00e7\u00e3o Completa","align":"left"}},"columns_order_n":"21","table__1":"customers","newIndexName":null,"newIndexType":"INDEX","newIndexColumns":"{}","newFkName":null,"newFkColumn":null,"newFkReferencedTable":null,"newFkReferencedColumn":"id","newFkOnDelete":"SET NULL","newFkOnUpdate":"CASCADE","save_button":null,"resources":[],"type_items":"customers","icon":null,"filter":null,"orderby":null,"created_at":null}