{"sel_all_all":"false","id":41,"order":500,"name":"Produtos","table":"products","categories":500,"type":0,"info":["excluir","columns_active","create","edit","delete","excel","pdf","columns_order","star_1","items_page"],"active":1,"updated_at":"2025-02-23 00:19:38","columns_active_n":"31","columns_order_n":"21","table__":"Products","input":{"0":{"type":"column","wr":"wr6","check":"false","options":null,"order":"25","align":"left","label":"Avise-me","name":"let_me_know__","extra":"|->no_search |->no_save"},"1":{"type":"column","wr":"wr6","align":"left","check":"true","label":"Desconto","name":"discount__","order":"44","extra":"|->no_search |->no_save"},"2":{"type":"text","wr":"wr6","align":"left","check":"false"},"3":{"name":"image","check":"true","type":"file","wr":"wr12","options":null,"label":"Foto","order":"1","align":"right"},"4":{"type":"file","wr":"wr12","align":"right","label":"Fotos \/ V\u00eddeos Interna","name":"image_interna","check":"true","tags":"multiple"},"5":{"type":"file","wr":"wr12","align":"right","check":"true","label":"Foto ou V\u00eddeo Interna Mobile","name":"image_interna_mobile"},"6":{"type":"file","wr":"wr12","align":"right","check":"true","label":"V\u00eddeos","name":"image_videos","tags":"multiple"},"7":{"type":"text","wr":"wr6","align":"left"},"8":{"type":"text","name":"name","check":"true","wr":"wr12","options":null,"label":"Nome","order":"5","align":"left","tags":"required"},"9":{"type":"categories","wr":"wr6","name":"categories","check":"true","options":"42","label":"Categorias","order":"35","align":"left","tags":"required"},"10":{"type":"select","wr":"wr6","name":"brands","options":"44","check":"true","label":"Marcas","order":"38","align":"left","tags":"required"},"11":{"type":"text","wr":"wr3","name":"code","check":"true","options":null,"label":"C\u00f3digo","order":"7","align":"left"},"12":{"type":"price","wr":"wr3","options":null,"check":"false","name":"price_old","label":"Pre\u00e7o (Antigo)","tags":"mask=\"price\"","align":"left"},"13":{"type":"price","wr":"wr3","options":null,"check":"true","name":"price_1","label":"Pre\u00e7o de Revenda","tags":"mask=\"price\"","align":"left","order":"42"},"14":{"type":"price","wr":"wr3","options":null,"check":"true","name":"price","label":"Pre\u00e7o de Venda","tags":"mask=\"price\"","order":"40","align":"left"},"15":{"wr":"wr3","options":null,"name":"stock","type":"number","check":"true","label":"Estoque","tags":"min=\"0\"","order":"45","align":"left"},"16":{"type":"price","wr":"wr3","options":null,"name":"weight","check":"true","fieldset":"Dados para calculo do frete","label":"Peso (em Kg)","tags":"mask=\"perc\"","align":"left"},"17":{"type":"number","wr":"wr3","options":null,"name":"width","check":"true","label":"Comprimento (em cm)","align":"left"},"18":{"type":"number","wr":"wr3","options":null,"name":"length","check":"true","label":"Largura (em cm)","align":"left"},"19":{"type":"number","wr":"wr3","options":null,"name":"height","check":"true","label":"Altura (em cm)","align":"left"},"20":{"type":"textarea","wr":"wr12","align":"left","label":"Descri\u00e7\u00e3o Curta","name":"description","check":"true"},"21":{"type":"text","wr":"wr12","align":"left","title":"Descri\u00e7\u00e3o Interna","check":"true","label":"T\u00edtulo 1","name":"title_1"},"22":{"type":"editor","wr":"wr12","align":"left","check":"true","label":"Texto 1","name":"editor_1"},"23":{"type":"text","wr":"wr12","align":"left","check":"true","label":"T\u00edtulo 2","name":"title_2"},"24":{"type":"editor","wr":"wr12","align":"left","check":"true","label":"Texto 2","name":"editor_2"},"25":{"type":"text","wr":"wr12","align":"left","check":"true","label":"T\u00edtulo 3","name":"title_3"},"26":{"type":"editor","wr":"wr12","align":"left","check":"true","label":"Texto 3","name":"editor_3"},"27":{"type":"text","wr":"wr12","align":"left","check":"true","label":"T\u00edtulo 4","name":"title_4"},"28":{"type":"editor","wr":"wr12","align":"left","check":"true","label":"Texto 4","name":"editor_4"},"29":{"type":"text","wr":"wr12","align":"left","check":"true","label":"T\u00edtulo 5","name":"title_5"},"30":{"type":"editor","wr":"wr12","align":"left","check":"true","label":"Texto 5","name":"editor_5"},"31":{"type":"text","wr":"wr12","align":"left","check":"true","label":"T\u00edtulo 6","name":"title_6"},"32":{"type":"editor","wr":"wr12","align":"left","check":"true","label":"Texto 6","name":"editor_6"},"33":{"type":"text","wr":"wr6","align":"left"},"txt_meta":{"type":"textarea","wr":"wr12","check":"false","name":"description","label":"Descri\u00e7\u00e3o","align":"left"},"txt":{"type":"editor","wr":"wr12","check":"false","name":"editor","label":"Descri\u00e7\u00e3o Completa","align":"left"}},"table__1":"products","newIndexName":null,"newIndexType":"INDEX","newIndexColumns":"{}","newFkName":null,"newFkColumn":null,"newFkReferencedTable":null,"newFkReferencedColumn":"id","newFkOnDelete":"SET NULL","newFkOnUpdate":"CASCADE","save_button":null,"resources":{"fields_datatable":[{"columns":"discount__","function":"products__discount__"}]},"icon":"products","created_at":null}