{"sel_all_all":"false","id":42,"order":501,"name":"Produtos (Categorias)","table":"products_categories","icon":"faa-gear","categories":4000,"filter":"$query->where('products_categories.type', 0);","type":0,"info":["excluir","columns_active","order","create","edit","delete","excel","pdf","items_page"],"active":1,"updated_at":"2025-03-18 22:51:20","columns_active_n":"11","columns_order_n":"21","table__":"ProductsCategories","input":{"0":{"type":"text","name":"name","check":"true","wr":"wr6","options":null,"label":"Nome","order":"5","align":"left"},"1":{"name":"image","type":"file","wr":"wr6","check":"false","options":null,"label":"Foto","order":"1","align":"left"},"2":{"type":"text","wr":"wr6","options":null,"align":"left"},"3":{"wr":"wr6","options":null,"align":"left"},"4":{"wr":"wr6","options":null,"align":"left"},"txt_meta":{"name":"description","type":"textarea","check":"false","wr":"wr12","label":"Descri\u00e7\u00e3o curta","align":"left"},"txt":{"name":"editor","type":"editor","check":"false","wr":"wr12","label":"Dresci\u00e7\u00e3o Completa","align":"left"}},"table__1":"products_categories","newIndexName":null,"newIndexType":"INDEX","newIndexColumns":"{}","newFkName":null,"newFkColumn":null,"newFkReferencedTable":null,"newFkReferencedColumn":"id","newFkOnDelete":"SET NULL","newFkOnUpdate":"CASCADE","save_button":"datatable","created_at":null,"resources":[]}