{"sel_all_all":"false","id":43,"order":502,"name":"Produtos (Subcategorias)","table":"products_categories","categories":500,"filter":"$query->where('products_categories.type', '!=', 0);","type":0,"info":["excluir","columns_active","order","create","edit","delete","excel","pdf","categories","items_page"],"active":0,"updated_at":"2025-03-18 22:51:20","columns_active_n":"11","columns_order_n":"21","table__":"ProductsCategories","input":{"0":{"type":"text","name":"name","check":"true","wr":"wr6","options":null,"label":"Nome","order":"5","align":"left"},"1":{"name":"image","type":"file","wr":"wr6","check":"false","options":null,"label":"Foto","order":"1","align":"left"},"2":{"type":"subcategories","wr":"wr6","name":"subcategories","options":"42","check":"true","label":"Categorias","tags":"required","order":"8","align":"left"},"3":{"wr":"wr6","options":null,"type":"text","align":"left"},"4":{"wr":"wr6","options":null,"align":"left"},"txt_meta":{"name":"description","type":"textarea","check":"false","wr":"wr12","label":"Descri\u00e7\u00e3o curta","align":"left"},"txt":{"name":"editor","type":"editor","check":"false","wr":"wr12","label":"Dresci\u00e7\u00e3o Completa","align":"left"}},"table__1":"products_categories","newIndexName":null,"newIndexType":"INDEX","newIndexColumns":"{}","newFkName":null,"newFkColumn":null,"newFkReferencedTable":null,"newFkReferencedColumn":"id","newFkOnDelete":"SET NULL","newFkOnUpdate":"CASCADE","save_button":"datatable","icon":null,"created_at":null,"resources":[]}