{"sel_all_all":"false","id":44,"order":510,"name":"Marcas","table":"products_brands","categories":500,"type":0,"info":["excluir","columns_active","order","create","edit","delete","excel","pdf","categories","columns_order","items_page"],"active":1,"updated_at":"2025-03-18 22:51:20","columns_active_n":"11","columns_order_n":"21","table__":"ProductsBrands","input":{"0":{"name":"image","type":"file","wr":"wr12","check":"true","options":null,"label":"Foto","order":"1","align":"right"},"1":{"type":"file","wr":"wr12","options":null,"align":"right","check":"false","label":"Foto Campanha","name":"image_1"},"2":{"wr":"wr6","options":null,"align":"left","type":"text","check":"false"},"3":{"type":"text","name":"name","check":"true","wr":"wr12","options":null,"label":"Nome","order":"2","align":"left"},"4":{"wr":"wr6","options":null,"align":"left","type":"color","check":"true","label":"Cor","name":"color","create_column":"varchar_50","order":"3"},"5":{"type":"color","wr":"wr6","align":"left","check":"true","label":"Cor Degrade","name":"color_1","create_column":"varchar_50","order":"4"},"6":{"type":"text","wr":"wr6","align":"left"},"txt_meta":{"name":"description","type":"textarea","check":"true","wr":"wr12","label":"Descri\u00e7\u00e3o","align":"left"},"txt":{"name":"editor","type":"editor","check":"false","wr":"wr12","label":"Dresci\u00e7\u00e3o Completa","align":"left"}},"table__1":"products_brands","newIndexName":null,"newIndexType":"INDEX","newIndexColumns":"{}","newFkName":null,"newFkColumn":null,"newFkReferencedTable":null,"newFkReferencedColumn":"id","newFkOnDelete":"SET NULL","newFkOnUpdate":"CASCADE","save_button":null,"resources":[],"icon":null,"type_items":null,"filter":null,"orderby":null,"created_at":null}