{"sel_all_all":"false","id":53,"order":2200,"name":"Frete por Local----","table":"shippings","icon":"faa-adjust","categories":3500,"type":0,"info":["excluir","create","edit","delete","order","columns_active","pdf","excel"],"active":0,"updated_at":"2025-02-17T18:54:56.000000Z","columns_active_n":"1","columns_order_n":"20","table__":"Shippings","input":{"0":{"type":"text","name":"name","check":"true","wr":"wr12","options":null,"label":"Nome","order":"10","align":"left"},"1":{"type":"file","wr":"wr6","name":"image","check":"true","options":null,"label":"Foto","order":"12","align":"left"},"2":{"type":"text","wr":"wr6","options":null,"align":"left"},"3":{"wr":"wr6","options":null,"align":"left"},"4":{"wr":"wr6","options":null,"align":"left"},"txt_meta":{"name":"description","type":"textarea","check":"false","wr":"wr12","label":"Descri\u00e7\u00e3o","align":"left"},"txt":{"name":"editor","type":"editor","check":"false","wr":"wr12","label":"Dresci\u00e7\u00e3o Completa","align":"left"}},"type_items":null,"filter":null,"created_at":null}