{"sel_all_all":"false","id":6,"order":1,"name":"Administradores","table":"users","categories":1,"filter":"$query->where('users.id', '!=', 1);","type":0,"info":["excluir","edit","pdf","excel","create","delete","columns_active"],"active":1,"updated_at":"2025-03-18 22:51:19","columns_active_n":"101","columns_order_n":"21","table__":"Users","input":{"0":{"type":"text","name":"name","check":"true","wr":"wr12","options":null,"label":"Nome","tags":"required","align":"left","order":"1"},"1":{"type":"email","name":"email","check":"true","wr":"wr6","options":null,"label":"Email","tags":"validate_exist required","align":"left","order":"30"},"2":{"type":"tel","name":"phone","check":"true","wr":"wr6","options":null,"label":"Telefone","align":"left"},"3":{"type":"password","name":"password","check":"true","wr":"wr12","options":null,"label":"Senha","tags":"validate_password required","align":"left"},"4":{"type":"text","wr":"wr6","align":"left","check":"true","label":"link","name":"link","order":"40"},"5":{"type":"text","wr":"wr6","align":"left"},"txt_meta":{"wr":"wr6","align":"left","type":"textarea","check":"false","label":"Descri\u00e7\u00e3o","name":"description"},"txt":{"wr":"wr6","align":"left","type":"editor","check":"false","label":"Descri\u00e7\u00e3o Completa","name":"editor"}},"icon":"users_secret","table__1":"users","newIndexName":null,"newIndexType":"INDEX","newIndexColumns":"{}","newFkName":null,"newFkColumn":null,"newFkReferencedTable":null,"newFkReferencedColumn":"id","newFkOnDelete":"SET NULL","newFkOnUpdate":"CASCADE","save_button":"datatable","created_at":null,"resources":[]}