{"sel_all_all":"false","id":61,"order":400,"name":"Pedidos","table":"orders","categories":400,"type":0,"info":["excluir","edit","excel","pdf","items_page","search_top_on","search_top_date"],"active":1,"updated_at":"2025-05-16 03:10:07","table__":"Orders","orderby":"created_at DESC,","input":{"0":{"type":"column","name":"id","check":"true","wr":"wr6","options":null,"label":"Id","table_order":"1","align":"left","order":"1"},"1":{"type":"column","wr":"wr6","name":"name","check":"true","options":null,"label":"Nome","table_order":"2","align":"left","order":"2"},"2":{"type":"column","wr":"wr6","name":"customers","check":"true","options":"31","label":"Clientes","table_order":"3","align":"left","order":"3"},"3":{"type":"column","wr":"wr6","name":"created_at","check":"true","options":null,"label":"Data da Compra","table_order":"4","align":"left","order":"4"},"4":{"type":"column","wr":"wr6","name":"date_paid","check":"true","extra":"|->date->d\/m\/Y H:i","options":null,"label":"Data da Aprova\u00e7\u00e3o","table_order":"5","align":"left","order":"5"},"5":{"type":"column","wr":"wr6","name":"pay_method","check":"true","options":null,"label":"Tipo de Pag.","table_order":"6","align":"left","order":"6"},"6":{"type":"column","wr":"wr6","name":"total","check":"true","extra":"|->price","options":null,"label":"Valor","table_order":"7","align":"left","order":"7"},"7":{"type":"column","wr":"wr6","options":null,"align":"left","check":"true","label":"Omie","name":"omie","order":"8","extra":"|->>0: ; 1: SIM"},"8":{"type":"column","wr":"wr6","name":"status","check":"true","options":"62","label":"Situa\u00e7\u00e3o","table_order":"8","align":"left","order":"9","extra":"|->options_all |->options_columns->icon, color"},"9":{"wr":"wr6","options":null,"align":"left","type":"text"},"10":{"wr":"wr6","options":null,"align":"left"},"txt_meta":{"name":"description","type":"textarea","check":"false","wr":"wr12","label":"Descri\u00e7\u00e3o curta","align":"left"},"txt":{"name":"editor","type":"editor","check":"false","wr":"wr12","label":"Dresci\u00e7\u00e3o Completa","align":"left"}},"table__1":"orders","newIndexName":null,"newIndexType":"INDEX","newIndexColumns":"{}","newFkName":null,"newFkColumn":null,"newFkReferencedTable":null,"newFkReferencedColumn":"id","newFkOnDelete":"SET NULL","newFkOnUpdate":"CASCADE","search_columns_date":"created_at, date_paid","save_button":null,"search_date_field":{"created_at":"Data de Cria\u00e7\u00e3o","date_paid":"Data da Aprova\u00e7\u00e3o"},"search_columns_date_current":"created_at","resources":{"fields_datatable":[{"columns":"status","function":"orders__orders_status"}],"html_table":[{"type":null,"vue":null}],"html_create_edit":[{"type":"footer","function":"orders__footer","vue":"orders"}]},"icon":null,"created_at":null}