{"sel_all_all":"false","id":62,"order":402,"name":"Pedidos (Status)","table":"orders_status","categories":4000,"type":0,"info":["excluir","order","delete","edit","create","columns_order","items_page"],"active":1,"updated_at":"2025-03-18 22:51:20","columns_order_n":"11","table__":"OrdersStatus","input":{"0":{"type":"column","wr":"wr6","align":"left","check":"true","label":"Type","name":"type","order":"5"},"1":{"type":"text","wr":"wr6","align":"left"},"2":{"type":"text","name":"name","check":"true","wr":"wr12","options":null,"label":"Nome","align":"left","order":"2"},"3":{"type":"text","wr":"wr6","align":"left"},"4":{"wr":"wr6","options":null},"txt_meta":{"name":"description","type":"textarea","check":"false","wr":"wr12","label":"Descri\u00e7\u00e3o curta","align":"left"},"txt":{"name":"editor","type":"editor","check":"false","wr":"wr12","label":"Dresci\u00e7\u00e3o Completa","align":"left"}},"columns_active_n":"15","icon":"faa-gear","table__1":"orders_status","newIndexName":null,"newIndexType":"INDEX","newIndexColumns":"{}","newFkName":null,"newFkColumn":null,"newFkReferencedTable":null,"newFkReferencedColumn":"id","newFkOnDelete":"SET NULL","newFkOnUpdate":"CASCADE","save_button":"datatable","created_at":null,"resources":[]}