{"sel_all_all":"false","id":63,"order":405,"name":"Cupons","table":"orders_events","categories":400,"type":0,"info":["excluir","order","delete","edit","create","columns_active","items_page"],"active":0,"updated_at":"2025-03-18 22:51:20","columns_order_n":"11","table__":"OrdersEvents","columns_extra":"color","input":{"0":{"type":"column","wr":"wr6","align":"left","check":"true","label":"Usar","name":"use","order":"5","extra":"|->>0: N\u00e3o; 1: Sim"},"1":{"type":"text","wr":"wr6","align":"left"},"2":{"type":"text","name":"name","check":"true","wr":"wr12","options":null,"label":"Nome","align":"left","order":"2"},"3":{"type":"price","wr":"wr6","align":"left","label":"Desconto R$","name":"price","check":"true","tags":"mask=\"price\"","order":"30"},"4":{"wr":"wr6","options":null,"type":"price","align":"left","label":"Desconto %","name":"percentage","check":"true","tags":"mask=\"perc\"","order":"31"},"5":{"type":"price","wr":"wr6","align":"left","label":"Valor m\u00ednimo","name":"price_minimum","check":"true","tags":"mask=\"price\"","order":"32"},"6":{"type":"select","wr":"wr6","align":"left","check":"true","label":"Frete Gr\u00e1tis","name":"shipping_free","extra":"|->>0: N\u00e3o; 1: Sim","order":"40"},"7":{"type":"checkbox","wr":"wr6","align":"left","label":"Usado por","name":"used_by","check":"true","order":"50"},"8":{"type":"date","wr":"wr6","align":"left","check":"true","label":"Data Inicial","name":"date_start","order":"20"},"9":{"type":"date","wr":"wr6","align":"left","check":"true","label":"Data Final","name":"date_end","order":"21"},"10":{"type":"text","wr":"wr6","align":"left"},"txt_meta":{"name":"description","type":"textarea","check":"false","wr":"wr12","label":"Descri\u00e7\u00e3o curta","align":"left"},"txt":{"name":"editor","type":"editor","check":"false","wr":"wr12","label":"Dresci\u00e7\u00e3o Completa","align":"left"}},"columns_active_n":"15","orderby":"order ASC","type_items":"cupons","table__1":"orders_events","newIndexName":null,"newIndexType":"INDEX","newIndexColumns":"{}","newFkName":null,"newFkColumn":null,"newFkReferencedTable":null,"newFkReferencedColumn":"id","newFkOnDelete":"SET NULL","newFkOnUpdate":"CASCADE","save_button":"datatable","icon":null,"created_at":null,"resources":[]}