{"sel_all_all":"false","id":67,"order":4020,"name":"Pagamentos","table":"x_settings","icon":"faa-gear","categories":4000,"type":1,"info":["excluir","edit"],"active":1,"updated_at":"2025-02-20 04:11:39","columns_active_n":"1","columns_order_n":"20","table__":"XSettings","input":{"0":{"type":"select","name":"pay_card_credit_1","check":"true","wr":"wr4","options":null,"extra":"|->>MercadoPago: Mercado Pago; AppMax: AppMax","fieldset":"Ordem dos Gateways de Pagamento","label":"1\u00aa Tentativa no Cart\u00e3o","align":"left","title":"Ordem dos Gateways de Pagamento"},"1":{"type":"select","wr":"wr4","name":"pay_card_credit_2","check":"true","extra":"|->>MercadoPago: Mercado Pago; AppMax: AppMax","options":null,"label":"2\u00aa Tentativa no Cart\u00e3o","align":"left"},"2":{"type":"select","wr":"wr4","name":"pay_card_credit_3","check":"false","options":null,"label":"3\u00aa Tentativa no Cart\u00e3o","align":"left"},"3":{"type":"select","wr":"wr4","name":"pay_pix_1","extra":"|->>MercadoPago: Mercado Pago; AppMax: AppMax","check":"true","options":null,"label":"1\u00aa Tentativa","align":"left"},"4":{"type":"select","wr":"wr4","name":"pay_pix_2","check":"false","options":null,"label":"2\u00aa Tentativa no Pix","align":"left"},"5":{"type":"select","wr":"wr4","name":"pay_pix_3","check":"false","options":null,"label":"3\u00aa Tentativa no Pix","align":"left"},"6":{"type":"select","wr":"wr4","name":"pay_boleto_1","extra":"|->>MercadoPago: Mercado Pago; AppMax: AppMax","check":"true","options":null,"label":"1\u00aa Tentativa no Boleto","align":"left"},"7":{"type":"select","wr":"wr4","name":"pay_boleto_2","check":"false","options":null,"label":"2\u00aa Tentativa no Boleto","align":"left"},"8":{"type":"select","wr":"wr4","name":"pay_boleto_3","check":"false","options":null,"label":"3\u00aa Tentativa no Boleto","align":"left","tags":"-->PagarMe: Pagar.me; MercadoPago: Mercado Pago; AppMax: AppMax"},"9":{"type":"text","wr":"wr6","fieldset":"Pagar.me","name":"pagarme_client_id","check":"false","options":null,"label":"Id da Conta","align":"left","title":"Pagar.me"},"10":{"type":"text","wr":"wr6","name":"pagarme_client_secret","check":"false","options":null,"label":"Chave Secreta","align":"left"},"11":{"type":"info","wr":"wr12","check":"false","options":null,"align":"left","tags":"<div class=pt5><b>URL:<\/b> https:\/\/URL-DO-SEU-SITE\/webhooks\/PagarMe<\/div><div class=pt5><b>*INSTRU\u00c7\u00d5ES:<\/b> V\u00e1 em Configura\u00e7\u00f5es e depois em Webhooks. Crie uma Webhook, insira a url, em Eventos marque a op\u00e7\u00e3o ITENS DO PEDIDO, insira sua senha e clique em salvar.<\/div>","label":"<b>CONFIGURA\u00c7\u00c3O DO WEBHOOKS NO PAGAR.ME:<\/b>"},"12":{"type":"text","wr":"wr6","fieldset":"Pagseguro","name":"pagseguro_token","check":"false","options":null,"label":"Token","align":"left","title":"Pagseguro"},"13":{"type":"select","wr":"wr6","name":"pagseguro_environment","extra":"|->>0: Ambiente de Teste; 1: Ambiente de Produ\u00e7\u00e3o","check":"false","options":null,"label":"Ambiente","align":"left"},"14":{"type":"text","wr":"wr6","name":"pagseguro_public_key","check":"false","options":null,"label":"Public Key","align":"left"},"15":{"type":"info","wr":"wr12","check":"false","options":null,"align":"left","tags":"<div class=pt5><b>URL:<\/b> https:\/\/URL-DO-SEU-SITE\/webhooks\/PagSeguro<\/div><div class=pt5><b>*INSTRU\u00c7\u00d5ES:<\/b> V\u00e1 em VENDA ONLINE e depois em Integra\u00e7\u00f5es. Em Notifica\u00e7\u00e3o de transa\u00e7\u00e3o insira a url e clique em salvar.<\/div>","label":"<b>CONFIGURA\u00c7\u00c3O DO WEBHOOKS NO PAGSEGURO:<\/b>"},"16":{"type":"text","wr":"wr6","fieldset":"Mercado Pago","name":"mercado_pago_public_key","check":"true","options":null,"label":"Public Key","align":"left","title":"Mercado Pago"},"17":{"type":"text","wr":"wr6","name":"mercado_pago_access_token","check":"true","options":null,"label":"Access Token","align":"left"},"18":{"type":"info","wr":"wr12","check":"true","fieldset":"Configura\u00e7\u00f5es","options":null,"align":"left","tags":"<div class=pt5><b>URL:<\/b> https:\/\/URL-DO-SEU-SITE\/webhooks\/MercadoPago<\/div><div class=pt5><b>*INSTRU\u00c7\u00d5ES:<\/b> Entre nesta url <a href=https:\/\/www.mercadopago.com.br\/developers\/panel\/app>https:\/\/www.mercadopago.com.br\/developers\/panel\/app<\/a>, clique na sua aplica\u00e7\u00e3o. Clique no menu Webhooks, depois em Configurar notifica\u00e7\u00f5es. Clique em Modo de produ\u00e7\u00e3o, digite a URL em URL de produ\u00e7\u00e3o; em Eventos recomendados para integra\u00e7\u00f5es com Assinaturas marque a op\u00e7\u00e3o Pagamentos e depois clique em Salvar configura\u00e7\u00f5es.<\/div>","label":"<b>CONFIGURA\u00c7\u00c3O DO WEBHOOKS NO MERCADO PAGO<\/b>"},"19":{"type":"text","wr":"wr12","name":"appmax_token","fieldset":"AppMax","check":"true","options":null,"label":"Token de Acesso","align":"left","title":"AppMax"},"20":{"type":"info","wr":"wr12","check":"true","options":null,"align":"left","tags":"<div class=pt5><b>URL:<\/b> https:\/\/URL-DO-SEU-SITE\/webhooks\/AppMax<\/div><div class=pt5><b>*INSTRU\u00c7\u00d5ES:<\/b> V\u00e1 em Configura\u00e7\u00f5es e depois em Apphooks (Webhook). V\u00e1 em Novo Webhook, digite o nome da sua loja e selecione, insira a url. Em Envetos selecione todos as op\u00e7\u00f5es de (Pedido e Pagamento N\u00e3o Autorizado) e clique em salvar. Depois em salvar denovo.<\/div>","label":"<b>CONFIGURA\u00c7\u00c3O DO WEBHOOKS NO APPMAX<\/b>"},"21":{"type":"select","wr":"wr6","fieldset":"Configura\u00e7\u00f5es","name":"pay_boleto_days_expire","extra":"|->>1: 1; 2: 2; 3: 3; 4: 4; 5: 5","check":"true","options":null,"label":"Dias Expirar (Boleto)","align":"left","title":"Configura\u00e7\u00f5es"},"22":{"type":"select","wr":"wr6","name":"pay_card_credit_installments_max","extra":"|->>1: 1; 2: 2; 3: 3; 4: 4; 5: 5; 6: 6; 7: 7; 8: 8; 9: 9; 10: 10; 11: 11; 12: 12","check":"true","options":null,"label":"M\u00e1ximo de Parcela (Cart\u00e3o)","align":"left"},"23":{"type":"select","wr":"wr6","name":"pay_card_credit_installments_fees","extra":"|->>1: 1; 2: 2; 3: 3; 4: 4; 5: 5; 6: 6; 7: 7; 8: 8; 9: 9; 10: 10; 11: 11; 12: 12","check":"true","options":null,"label":"Parcelas sem juros (Cart\u00e3o)","align":"left"},"24":{"type":"price","wr":"wr6","name":"pay_card_credit_installments_interest_perc","check":"true","options":null,"label":"Porcentagem do Juros por Parcela (Cart\u00e3o) (em %)","tags":"mask=\"perc\" limit=\"6\"","align":"left"},"25":{"type":"price","wr":"wr6","name":"pay_discount_card_credit","fieldset":"Desconto","check":"true","options":null,"label":"Cart\u00e3o (em %)","tags":"mask=\"perc\" limit=\"6\"","align":"left","title":"Desconto"},"26":{"type":"price","wr":"wr6","name":"pay_discount_pix","check":"true","options":null,"label":"Pix (em %)","tags":"mask=\"perc\" limit=\"6\"","align":"left"},"27":{"type":"price","wr":"wr6","name":"pay_discount_boleto","check":"true","options":null,"label":"Boleto (em %)","tags":"mask=\"perc\" limit=\"6\"","align":"left"},"28":{"type":"price","wr":"wr6","name":"pay_rates_card_credit","fieldset":"Taxa","check":"true","options":null,"label":"Cart\u00e3o (em %)","tags":"mask=\"perc\" limit=\"6\"","align":"left","title":"Taxa"},"29":{"type":"price","wr":"wr6","name":"pay_rates_pix","check":"true","options":null,"label":"Pix (em R$)","tags":"mask=\"price\"","align":"left"},"30":{"type":"price","wr":"wr6","name":"pay_rates_boleto","check":"true","options":null,"label":"Boleto (em R$)","tags":"mask=\"price\"","align":"left"},"31":{"wr":"wr6","options":null,"align":"left","type":"text"},"32":{"wr":"wr6","options":null,"align":"left"},"txt_meta":{"name":"description","type":"textarea","check":"false","wr":"wr12","label":"Descri\u00e7\u00e3o","align":"left"},"txt":{"name":"editor","type":"editor","check":"false","wr":"wr12","label":"Dresci\u00e7\u00e3o Completa","align":"left"}},"table__1":"x_settings","newIndexName":null,"newIndexType":"INDEX","newIndexColumns":"{}","newFkName":null,"newFkColumn":null,"newFkReferencedTable":null,"newFkReferencedColumn":"id","newFkOnDelete":"SET NULL","newFkOnUpdate":"CASCADE","save_button":null,"type_items":null,"filter":null,"orderby":null,"created_at":null,"resources":[]}