{"sel_all_all":"false","id":81,"order":1000,"name":"Banners","table":"items","categories":1000,"type":0,"info":["excluir","create","edit","order","pdf","excel","delete","clone","columns_order","columns_active"],"active":0,"updated_at":"2025-02-19 00:19:39","columns_active_n":"101","columns_order_n":"21","type_items":"banners","table__":"Items","columns_z_image":"25","input":{"0":{"type":"text","name":"name","check":"true","wr":"wr6","options":null,"label":"Nome","tags":"required","order":"5","align":"left"},"1":{"name":"place","check":"true","type":"select","extra":"|->>1: Home Topo; 2: 2; 3: 3; 4: 4; 5: 5","wr":"wr6","options":null,"label":"Lugar","tags":"required","order":"30","align":"left"},"2":{"type":"text","wr":"wr12","name":"txt_1","options":null,"label":"Texto 1","align":"left"},"3":{"type":"text","wr":"wr12","name":"txt_2","options":null,"label":"Texto 2","align":"left"},"4":{"type":"text","wr":"wr6","name":"button","options":null,"label":"Bot\u00e3o","align":"left"},"5":{"type":"text","wr":"wr6","name":"link","check":"true","options":null,"label":"Link","align":"left"},"6":{"type":"text","wr":"wr6","align":"left"},"7":{"type":"file","wr":"wr12","name":"image","check":"true","options":null,"label":"Foto","order":"1","align":"right"},"8":{"type":"text","wr":"wr6","align":"left"},"9":{"type":"text","wr":"wr6","align":"left"},"10":{"type":"text","wr":"wr6","align":"left"},"11":{"name":"editor","type":"editor","check":"false","wr":"wr12","label":"Dresci\u00e7\u00e3o Completa","align":"left"},"12":{"name":"description","type":"textarea","check":"false","wr":"wr12","label":"Descri\u00e7\u00e3o curta","align":"left"},"13":{"name":"editor","type":"editor","check":"false","wr":"wr12","label":"Dresci\u00e7\u00e3o Completa","align":"left"},"txt_meta":{"name":"description","type":"textarea","check":"false","wr":"wr12","label":"Descri\u00e7\u00e3o curta","align":"left"},"txt":{"name":"editor","type":"editor","check":"false","wr":"wr12","label":"Dresci\u00e7\u00e3o Completa","align":"left"}},"table__1":"items","newIndexName":null,"newIndexType":"INDEX","newIndexColumns":"{}","newFkName":null,"newFkColumn":null,"newFkReferencedTable":null,"newFkReferencedColumn":"id","newFkOnDelete":"SET NULL","newFkOnUpdate":"CASCADE","save_button":"datatable","icon":null,"created_at":null,"resources":[]}