{"sel_all_all":"false","id":82,"order":1030,"name":"Blog","table":"items","icon":"faa-newspaper-o","categories":800,"type":0,"info":["excluir","create","edit","delete","order","columns_active","pdf","excel"],"active":0,"updated_at":"2025-01-14 04:46:09","columns_active_n":"1","columns_order_n":"20","table__":"Items","type_items":"blog","input":{"0":{"type":"text","name":"name","check":"true","wr":"wr12","options":null,"label":"Nome","tags":"required","order":"10","align":"left"},"1":{"type":"file","wr":"wr6","name":"image","check":"true","options":null,"label":"Foto Principal","order":"12","align":"left"},"2":{"type":"file","wr":"wr6","name":"image_inside","options":null,"check":"false","label":"Foto Interna","align":"left"},"3":{"type":"date","wr":"wr6","name":"date","options":null,"label":"Data","align":"left"},"4":{"type":"categories","wr":"wr6","name":"categories","check":"true","options":"83","label":"Categorias","tags":"required","order":"30","align":"left"},"5":{"type":"text","wr":"wr6","name":"by","options":null,"label":"Autor","align":"left"},"6":{"type":"text","wr":"wr6","options":null,"align":"left"},"7":{"wr":"wr6","options":null,"align":"left"},"8":{"wr":"wr6","options":null,"align":"left"},"txt_meta":{"name":"description","type":"textarea","check":"false","wr":"wr12","label":"Descri\u00e7\u00e3o","align":"left"},"txt":{"name":"editor","type":"editor","check":"true","wr":"wr12","label":"Dresci\u00e7\u00e3o Completa","align":"left"}},"table__1":"items","newIndexName":null,"newIndexType":"INDEX","newIndexColumns":"{}","newFkName":null,"newFkColumn":null,"newFkReferencedTable":null,"newFkReferencedColumn":"id","newFkOnDelete":"SET NULL","newFkOnUpdate":"CASCADE","save_button":"datatable","created_at":null,"resources":[]}