{"sel_all_all":"false","id":83,"order":1031,"name":"Blog (Categorias)","table":"items_categories","categories":1000,"type":0,"info":["excluir","create","edit","delete","columns_active","pdf","excel","order"],"active":0,"updated_at":"2025-02-17 19:48:22","columns_active_n":"15","columns_order_n":"20","table__":"ItemsCategories","type_items":"blog","input":{"0":{"type":"text","name":"name","check":"true","wr":"wr12","options":null,"label":"Nome","tags":"required","order":"10","align":"left"},"1":{"type":"text","wr":"wr6","options":null,"align":"left"},"12":{"wr":"wr6","options":null,"align":"left"},"13":{"wr":"wr6","options":null,"align":"left"},"txt_meta":{"name":"description","type":"textarea","check":"false","wr":"wr12","label":"Descri\u00e7\u00e3o","align":"left"},"txt":{"name":"editor","type":"editor","check":"false","wr":"wr12","label":"Dresci\u00e7\u00e3o Completa","align":"left"}},"table__1":"items_categories","newIndexName":null,"newIndexType":"INDEX","newIndexColumns":"{}","newFkName":null,"newFkColumn":null,"newFkReferencedTable":null,"newFkReferencedColumn":"id","newFkOnDelete":"SET NULL","newFkOnUpdate":"CASCADE","save_button":"datatable","icon":null,"created_at":null,"resources":[]}