{"id":85,"order":875,"name":"Rede Social","table":"items","categories":800,"type":0,"info":["excluir","create","edit","delete","columns_active","pdf","excel"],"active":0,"updated_at":"2025-01-14T07:46:09.000000Z","columns_active_n":"1","columns_order_n":"20","table__":"Items","type_items":"social_network","input":{"0":{"type":"text","name":"name","check":"true","wr":"wr6","options":null,"label":"Nome","tags":"required","order":"10","align":"left"},"1":{"type":"select","wr":"wr6","name":"icon","check":"true","extra":"json->icons","options":null,"label":"Icone","order":"12","align":"left"},"2":{"type":"color","wr":"wr6","name":"color","check":"false","options":null,"label":"Cor","order":"30","align":"left"},"3":{"type":"text","wr":"wr6","name":"link","check":"true","options":null,"label":"Link","order":"40","align":"left"},"4":{"type":"text","wr":"wr6","options":null,"align":"left"},"5":{"wr":"wr6","options":null,"align":"left"},"6":{"wr":"wr6","options":null,"align":"left"},"txt_meta":{"name":"description","type":"textarea","check":"false","wr":"wr12","label":"Descri\u00e7\u00e3o","align":"left"},"txt":{"name":"editor","type":"editor","check":"false","wr":"wr12","label":"Dresci\u00e7\u00e3o Completa","align":"left"}},"icon":null,"filter":null,"created_at":null}