{"id":86,"order":885,"name":"Faq","table":"items","icon":"faa-external-link-square","categories":800,"type":0,"info":["excluir","create","edit","pdf","excel","delete","clone","order"],"active":0,"updated_at":"2025-01-14T04:46:09.000000Z","columns_active_n":"1","columns_order_n":"20","type_items":"faq","table__":"Items","columns_z_image":"25","input":{"0":{"type":"text","name":"name","check":"true","wr":"wr6","options":null,"label":"Pergunta","tags":"required","order":"10","align":"left"},"1":{"type":"text","wr":"wr6","options":null,"align":"left"},"2":{"wr":"wr6","options":null,"align":"left"},"3":{"wr":"wr6","options":null,"align":"left"},"txt_meta":{"name":"description","type":"textarea","check":"false","wr":"wr12","label":"Descri\u00e7\u00e3o curta","align":"left"},"txt":{"name":"editor","type":"editor","check":"true","wr":"wr12","label":"Resposta","align":"left"}},"filter":null,"created_at":null}