{"sel_all_all":"false","id":87,"order":2010,"name":"Textos \/ Imagens","table":"x_settings","categories":2000,"filter":"$query->where('id', 11);","type":1,"info":["excluir","edit"],"active":1,"updated_at":"2025-02-17 19:27:25","columns_active_n":"1","columns_order_n":"20","table__":"XSettings","input":{"0":{"type":"text","name":"pg_login_name","check":"true","wr":"wr12","options":null,"label":"Titulo","align":"left","title":"P\u00e1gina de Login"},"1":{"type":"textarea","wr":"wr12","options":null,"align":"left","label":"Descri\u00e7\u00e3o","name":"pg_login_description","check":"true"},"2":{"wr":"wr12","options":null,"align":"left","type":"textarea","title":"Campanha","check":"false","label":"Descri\u00e7\u00e3o","name":"campanha_description"},"3":{"wr":"wr6","options":null,"align":"left","type":"text"},"4":{"type":"text","wr":"wr6","align":"left"},"txt_meta":{"name":"description","type":"textarea","check":"false","wr":"wr12","label":"Descri\u00e7\u00e3o","align":"left"},"txt":{"name":"editor","type":"editor","check":"false","wr":"wr12","label":"Dresci\u00e7\u00e3o Completa","align":"left"}},"icon":"faa-file-text|faa-file-text-o","table__1":"x_settings","newIndexName":null,"newIndexType":"INDEX","newIndexColumns":"{}","newFkName":null,"newFkColumn":null,"newFkReferencedTable":null,"newFkReferencedColumn":"id","newFkOnDelete":"SET NULL","newFkOnUpdate":"CASCADE","save_button":null,"type_items":null,"orderby":null,"created_at":null,"resources":[]}