{"sel_all_all":"false","id":88,"order":1710,"name":"Paginas","table":"texts","categories":1700,"filter":"$query->where('texts.active', 1);","type":0,"info":["excluir","create","edit","delete","pdf","excel"],"active":1,"updated_at":"2025-02-17T22:48:22.000000Z","columns_active_n":"15","columns_order_n":"20","table__":"Texts","type_items":"text","input":{"0":{"type":"column","name":"name_main","check":"true","wr":"wr12","options":null,"label":"P\u00e1gina","order":"10-L","align":"left"},"1":{"type":"text","wr":"wr6","options":null,"align":"left"},"2":{"wr":"wr12","options":null,"align":"right","type":"file","check":"false","label":"Foto","name":"image","order":"1"},"3":{"wr":"wr6","options":null,"align":"left","type":"text"},"4":{"type":"text","wr":"wr12","name":"name","check":"true","options":null,"label":"Nome","tags":"required","order":"5","align":"left"},"5":{"type":"select","wr":"wr6","name":"place","check":"false","extra":"|->>1: Rodap\u00e9 1; 2: Rodap\u00e9 2","options":null,"label":"Lugar","order":"30","align":"left"},"6":{"type":"text","wr":"wr6","align":"left"},"txt_meta":{"name":"description","type":"textarea","check":"false","wr":"wr12","label":"Descri\u00e7\u00e3o","align":"left"},"txt":{"name":"editor","type":"editor","check":"true","wr":"wr12","label":"Dresci\u00e7\u00e3o Completa","align":"left"}},"icon":"faa-file-text|faa-file-text-o","created_at":null}