{"id":89,"order":865,"name":"Assuntos (Pag. Contato)","table":"items","icon":"faa-envelope-o","categories":800,"type":0,"info":["excluir","create","edit","delete","order","columns_active","pdf","excel","clone"],"active":0,"updated_at":"2025-01-14T04:46:09.000000Z","columns_active_n":"1","columns_order_n":"20","table__":"Items","type_items":"contact","input":{"0":{"type":"text","name":"name","check":"true","wr":"wr12","options":null,"label":"Nome","tags":"required","order":"10","align":"left"},"1":{"type":"file","wr":"wr6","name":"image","check":"false","options":null,"label":"Foto","order":"12","align":"left"},"2":{"type":"text","wr":"wr6","options":null,"align":"left"},"3":{"wr":"wr6","options":null,"align":"left"},"4":{"wr":"wr6","options":null,"align":"left"},"txt_meta":{"name":"description","type":"textarea","check":"false","wr":"wr12","label":"Descri\u00e7\u00e3o","align":"left"},"txt":{"name":"editor","type":"editor","check":"false","wr":"wr12","label":"Dresci\u00e7\u00e3o Completa","align":"left"}},"filter":null,"created_at":null}