{"id":90,"order":860,"name":"Newsletter","table":"newsletter","icon":"faa-newspaper-o","categories":800,"type":0,"info":["excluir","create","edit","pdf","excel","delete","clone"],"active":0,"updated_at":"2025-01-14T04:46:09.000000Z","columns_active_n":"1","columns_order_n":"20","table__":"Newsletter","columns_z_image":"25","input":{"0":{"type":"text","name":"name","check":"true","wr":"wr6","options":null,"label":"Nome","tags":"required","order":"10","align":"left"},"1":{"type":"text","wr":"wr6","options":null,"check":"true","name":"email","label":"Email","tags":"required","order":"20","align":"left"},"2":{"wr":"wr6","options":null,"align":"left"},"3":{"wr":"wr6","options":null,"align":"left"},"txt_meta":{"name":"description","type":"textarea","check":"false","wr":"wr12","label":"Descri\u00e7\u00e3o curta","align":"left"},"txt":{"name":"editor","type":"editor","check":"false","wr":"wr12","label":"Dresci\u00e7\u00e3o Completa","align":"left"}},"type_items":null,"filter":null,"created_at":null}