{"sel_all_all":"false","id":91,"order":1020,"name":"Chamada Home","table":"items","categories":800,"type":0,"info":["excluir","create","edit","order","columns_active","pdf","excel","delete","clone"],"active":0,"updated_at":"2025-01-14 04:46:09","columns_active_n":"1","columns_order_n":"20","type_items":"home_call","table__":"Items","columns_z_image":"25","input":{"0":{"type":"text","name":"name","check":"true","wr":"wr6","options":null,"label":"Nome","tags":"required","order":"10","align":"left"},"1":{"type":"text","wr":"wr6","options":null,"align":"left"},"2":{"wr":"wr6","options":null,"align":"left"},"3":{"wr":"wr6","options":null,"align":"left"},"txt_meta":{"name":"description","type":"textarea","check":"false","wr":"wr12","label":"Descri\u00e7\u00e3o curta","align":"left"},"txt":{"name":"editor","type":"editor","check":"false","wr":"wr12","label":"Dresci\u00e7\u00e3o Completa","align":"left"}},"table__1":"items","newIndexName":null,"newIndexType":"INDEX","newIndexColumns":"{}","newFkName":null,"newFkColumn":null,"newFkReferencedTable":null,"newFkReferencedColumn":"id","newFkOnDelete":"SET NULL","newFkOnUpdate":"CASCADE","save_button":"datatable","icon":null,"created_at":null,"resources":[]}