{"id":96,"order":899,"name":"Mensagens","table":"messages","categories":800,"type":0,"info":["excluir","order","columns_active","pdf","excel"],"active":0,"updated_at":"2025-01-14T04:46:10.000000Z","columns_active_n":"10","columns_order_n":"20","table__":"Messages","columns_z_image":"25","input":{"0":{"type":"text","name":"name","check":"true","wr":"wr6","options":null,"label":"Nome","tags":"required","order":"5","align":"left"},"1":{"type":"text","wr":"wr6","options":null,"align":"left"},"2":{"type":"text","wr":"wr6","options":null,"align":"left"},"8":{"wr":"wr6","options":null,"align":"left"},"9":{"wr":"wr6","options":null,"align":"left"},"txt_meta":{"name":"description","type":"textarea","check":"false","wr":"wr12","label":"Descri\u00e7\u00e3o curta","align":"left"},"txt":{"name":"editor","type":"editor","check":"false","wr":"wr12","label":"Dresci\u00e7\u00e3o Completa","align":"left"}},"icon":null,"type_items":null,"filter":null,"created_at":null}